ID,Source,Year,Version,Original_Name_in_Source_Literature,Structurally_Unique_ID,Same_Peptides_ID,Same_Peptides_Source,Same_Peptides_Permeability,Same_Peptides_Assay,SMILES,HELM,HELM_URL,Sequence,Sequence_LogP,Sequence_TPSA,Monomer_Length,Monomer_Length_in_Main_Chain,Molecule_Shape,Permeability,PAMPA,Caco2,MDCK,RRCK,Detection_Limit_1,Detection_Limit_2,R_PAMAP,R_Caco2,R_MDCK,R_RRCK,T_PAMPA,EPSA,PSA,_3DPSA,NULL,MaxEStateIndex,MinEStateIndex,MaxAbsEStateIndex,MinAbsEStateIndex,qed,MolWt,HeavyAtomMolWt,ExactMolWt,NumValenceElectrons,NumRadicalElectrons,MaxPartialCharge,MinPartialCharge,MaxAbsPartialCharge,MinAbsPartialCharge,FpDensityMorgan1,FpDensityMorgan2,FpDensityMorgan3,BCUT2D_MWHI,BCUT2D_MWLOW,BCUT2D_CHGHI,BCUT2D_CHGLO,BCUT2D_LOGPHI,BCUT2D_LOGPLOW,BCUT2D_MRHI,BCUT2D_MRLOW,BalabanJ,BertzCT,Chi0,Chi0n,Chi0v,Chi1,Chi1n,Chi1v,Chi2n,Chi2v,Chi3n,Chi3v,Chi4n,Chi4v,HallKierAlpha,Ipc,Kappa1,Kappa2,Kappa3,LabuteASA,PEOE_VSA1,PEOE_VSA10,PEOE_VSA11,PEOE_VSA12,PEOE_VSA13,PEOE_VSA14,PEOE_VSA2,PEOE_VSA3,PEOE_VSA4,PEOE_VSA5,PEOE_VSA6,PEOE_VSA7,PEOE_VSA8,PEOE_VSA9,SMR_VSA1,SMR_VSA10,SMR_VSA2,SMR_VSA3,SMR_VSA4,SMR_VSA5,SMR_VSA6,SMR_VSA7,SMR_VSA8,SMR_VSA9,SlogP_VSA1,SlogP_VSA10,SlogP_VSA11,SlogP_VSA12,SlogP_VSA2,SlogP_VSA3,SlogP_VSA4,SlogP_VSA5,SlogP_VSA6,SlogP_VSA7,SlogP_VSA8,SlogP_VSA9,TPSA,EState_VSA1,EState_VSA10,EState_VSA11,EState_VSA2,EState_VSA3,EState_VSA4,EState_VSA5,EState_VSA6,EState_VSA7,EState_VSA8,EState_VSA9,VSA_EState1,VSA_EState10,VSA_EState2,VSA_EState3,VSA_EState4,VSA_EState5,VSA_EState6,VSA_EState7,VSA_EState8,VSA_EState9,FractionCSP3,HeavyAtomCount,NHOHCount,NOCount,NumAliphaticCarbocycles,NumAliphaticHeterocycles,NumAliphaticRings,NumAromaticCarbocycles,NumAromaticHeterocycles,NumAromaticRings,NumHAcceptors,NumHDonors,NumHeteroatoms,NumRotatableBonds,NumSaturatedCarbocycles,NumSaturatedHeterocycles,NumSaturatedRings,RingCount,MolLogP,MolMR,fr_Al_COO,fr_Al_OH,fr_Al_OH_noTert,fr_ArN,fr_Ar_COO,fr_Ar_N,fr_Ar_NH,fr_Ar_OH,fr_COO,fr_COO2,fr_C_O,fr_C_O_noCOO,fr_C_S,fr_HOCCN,fr_Imine,fr_NH0,fr_NH1,fr_NH2,fr_N_O,fr_Ndealkylation1,fr_Ndealkylation2,fr_Nhpyrrole,fr_SH,fr_aldehyde,fr_alkyl_carbamate,fr_alkyl_halide,fr_allylic_oxid,fr_amide,fr_amidine,fr_aniline,fr_aryl_methyl,fr_azide,fr_azo,fr_barbitur,fr_benzene,fr_benzodiazepine,fr_bicyclic,fr_diazo,fr_dihydropyridine,fr_epoxide,fr_ester,fr_ether,fr_furan,fr_guanido,fr_halogen,fr_hdrzine,fr_hdrzone,fr_imidazole,fr_imide,fr_isocyan,fr_isothiocyan,fr_ketone,fr_ketone_Topliss,fr_lactam,fr_lactone,fr_methoxy,fr_morpholine,fr_nitrile,fr_nitro,fr_nitro_arom,fr_nitro_arom_nonortho,fr_nitroso,fr_oxazole,fr_oxime,fr_para_hydroxylation,fr_phenol,fr_phenol_noOrthoHbond,fr_phos_acid,fr_phos_ester,fr_piperdine,fr_piperzine,fr_priamide,fr_prisulfonamd,fr_pyridine,fr_quatN,fr_sulfide,fr_sulfonamd,fr_sulfone,fr_term_acetylene,fr_tetrazole,fr_thiazole,fr_thiocyan,fr_thiophene,fr_unbrch_alkane,fr_urea,PC1,PC2,CHCl3_3DPSA,H2O_3DPSA,Class_Label
1,2006_Rezai_1,2006,1.0,Cyclosporine A,1,"[22, 932, 981, 1822, 1862, 2356, 7188, 7353]","['2011_White', '2015_Ahlbach', '2015_Bockus_1', '2016_Hickey', '2017_Price', '2018_Naylor', '2021_Lee', '2022_Lee']","[['-5.96'], ['-5.01'], ['-5.96'], ['-6.20'], ['-5.25'], ['-6.15', '-5.87'], ['-5.71', '-5.58'], ['-5.72']]","[['RRCK'], ['PAMPA'], ['RRCK'], ['PAMPA'], ['RRCK'], ['PAMPA', 'RRCK'], ['PAMPA', 'Caco2'], ['PAMPA']]",C/C=C/C[C@@H](C)[C@@H](O)[C@H]1C(=O)N[C@@H](CC)C(=O)N(C)CC(=O)N(C)[C@@H](CC(C)C)C(=O)N[C@@H](C(C)C)C(=O)N(C)[C@@H](CC(C)C)C(=O)N[C@@H](C)C(=O)N[C@H](C)C(=O)N(C)[C@@H](CC(C)C)C(=O)N(C)[C@@H](CC(C)C)C(=O)N(C)[C@@H](C(C)C)C(=O)N1C,"PEPTIDE1{[Abu].[Sar].[meL].V.[meL].A.[dA].[meL].[meL].[meV].[Me_Bmt(E)]}$PEPTIDE1,PEPTIDE1,1:R1-11:R2$$$","PEPTIDE1{<a href=""/monomers/Abu/"">[Abu]</a>.<a href=""/monomers/Sar/"">[Sar]</a>.<a href=""/monomers/meL/"">[meL]</a>.<a href=""/monomers/V/"">V</a>.<a href=""/monomers/meL/"">[meL]</a>.<a href=""/monomers/A/"">A</a>.<a href=""/monomers/dA/"">[dA]</a>.<a href=""/monomers/meL/"">[meL]</a>.<a href=""/monomers/meL/"">[meL]</a>.<a href=""/monomers/meV/"">[meV]</a>.<a href=""/monomers/Me_Bmt(E)/"">[Me_Bmt(E)]</a>}$PEPTIDE1,PEPTIDE1,1:R1-11:R2$$$","['Abu', 'Sar', 'meL', 'V', 'meL', 'A', 'dA', 'meL', 'meL', 'meV', 'Me_Bmt(E)']","[0.1833, -0.2531000000000001, 1.1616, 0.4292999999999995, 1.1616, -0.2068000000000003, -0.2068000000000003, 1.1616, 1.1616, 0.7715000000000001, 1.7328]","[29.1, 20.31, 20.31, 29.1, 20.31, 29.1, 29.1, 20.31, 20.31, 20.31, 29.54]",11,11,Circle,-6.6,-6.6,,,,,,,,,,,,,,,18.025327,-8.388333089,18.025327,3.146713736,0.147924715,1202.635,1090.747,1201.841368,486,0,0.245643649,-0.390126486,0.390126486,0.245643649,0.564705882,1.082352941,1.588235294,1.15e-16,-0.249287767,-3.72e-16,-2.741631859,-3.95e-16,-2.890258212,-2.31e-16,-1.136047084,8.516208569,6899.875158,161.0635132,151.818329,40.81832904,83.32454392,75.13118955,19.93408688,13.7037587,13.7037587,8.107632225,8.107632225,4.665881388,4.665881388,-6.13,4.96e+74,13.26598462,34.87150528,21.65558178,664.6651694,60.64742972,60.17892468,5.647368313,66.41017668,0.0,0.0,52.73990902,0.0,0.0,0.0,108.0306331,100.0509296,173.5698169,33.13825605,208.7964925,64.97897702,1.431199657,55.53862153,41.2577038,220.9786581,55.32764799,12.10414349,0,0.0,21.23925341,0.0,0.0,0.0,227.4049437,52.73990902,41.2577038,300.0201224,12.10414349,5.647368313,0.0,0,278.8,450.1857519,44.02860789,52.73990902,0,0,0,0,0,0,5.108808191,108.350367,992.9384945,0.0,165.6557411,-9.339386785,0.0,-108.5974979,-85.82308579,-51.24993928,-163.1676591,0.0,0.790322581,85,5,23,0,1,1,0,0,0,12,5,23,40,0,1,1,1,3.269,328.4446,0,1,0,0,0,0,0,0,0,0,11,11,0,0,0,7,4,0,0,7,0,0,0,0,0,0,2,11,0,0,0,0,0,0,0,0,0,0,0,0,0,0,0,0,0,0,0,0,0,0,0,0,0,0,0,0,0,0,0,0,0,0,0,0,0,0,0,0,0,0,0,0,0,0,0,0,0,0,0,0,0,0,0,0,0,-6.620415814,-0.186784244,174.0,173.0,0
2,2006_Rezai_1,2006,1.0,compound.1,2,[1048],['2015_Wang'],"[['-5.46', '-4.92']]","[['PAMPA', 'Caco2']]",CC(C)C[C@@H]1NC(=O)[C@@H](CC(C)C)NC(=O)[C@@H](CC(C)C)NC(=O)[C@H](Cc2ccc(O)cc2)NC(=O)[C@@H]2CCCN2C(=O)[C@@H](CC(C)C)NC1=O,"PEPTIDE2{[dL].[dL].L.[dL].P.Y}$PEPTIDE2,PEPTIDE2,1:R1-6:R2$$$","PEPTIDE2{<a href=""/monomers/dL/"">[dL]</a>.<a href=""/monomers/dL/"">[dL]</a>.<a href=""/monomers/L/"">L</a>.<a href=""/monomers/dL/"">[dL]</a>.<a href=""/monomers/P/"">P</a>.<a href=""/monomers/Y/"">Y</a>}$PEPTIDE2,PEPTIDE2,1:R1-6:R2$$$","['dL', 'dL', 'L', 'dL', 'P', 'Y']","[0.8193999999999995, 0.8193999999999995, 0.8193999999999995, 0.8193999999999995, 0.2794999999999998, 0.7215999999999996]","[29.1, 29.1, 29.1, 29.1, 20.31, 49.33]",6,6,Circle,-6.2,-6.2,,,,,,,,,,,,,,,16.3125436,-6.935655976,16.3125436,1.737066725,0.215270438,712.933,652.453,712.4523483,284,0,0.29309207,-0.507966645,0.507966645,0.29309207,0.745098039,1.156862745,1.607843137,4.33e-16,-0.24928777,-2.06e-16,-2.716753673,-1.33e-16,-2.89458429,-2.12e-16,-1.135790365,3.600346506,3800.979834,90.09941163,84.54101961,24.54101961,47.81706099,42.23007366,12.58575739,8.507910908,8.507910908,4.876575574,4.876575574,3.036401246,3.036401246,-4.16,3.88e+33,8.308622705,18.89589014,12.53381155,387.0455828,36.55778469,41.85686664,7.059210392,35.44307838,1.431199657,0.0,28.7672231,0.0,0.0,0.0,66.89997435,79.46166906,73.18316106,13.70758556,114.9562037,35.44307838,1.431199657,31.4489765,23.57583074,135.5329661,6.496859684,29.73312632,0,5.749511833,26.54906677,0.0,5.749511833,0.0,89.48721045,35.14014801,23.57583074,172.6370999,24.16967483,7.059210392,0.0,0,186.04,267.9803495,23.50831307,28.7672231,0,0,0,0,0,0,5.108808191,59.00305902,521.3100972,0.0,94.60777993,-9.276643065,-2.655514009,-52.36769241,-49.04933642,-43.10535189,-49.46333938,0.0,0.684210526,51,6,13,0,2,2,1,0,1,7,6,13,19,0,2,2,3,2.5477,194.0193,0,0,0,0,0,0,0,1,0,0,6,6,0,0,0,1,5,0,0,0,0,0,0,0,0,0,0,6,0,0,0,0,0,0,1,0,1,0,0,0,0,0,0,0,0,0,0,0,0,0,0,0,0,0,0,0,0,0,0,0,0,0,0,0,0,1,1,0,0,0,0,0,0,0,0,0,0,0,0,0,0,0,0,0,0,2.44360442,-1.286946541,163.0,165.0,0
3,2006_Rezai_1,2006,1.0,compound.2,3,,,,,CC(C)C[C@H]1NC(=O)[C@H](Cc2ccc(O)cc2)NC(=O)[C@@H]2CCCN2C(=O)[C@@H](CC(C)C)NC(=O)[C@@H](CC(C)C)NC(=O)[C@@H](CC(C)C)NC1=O,"PEPTIDE3{[dL].[dL].[dL].[dL].P.Y}$PEPTIDE3,PEPTIDE3,1:R1-6:R2$$$","PEPTIDE3{<a href=""/monomers/dL/"">[dL]</a>.<a href=""/monomers/dL/"">[dL]</a>.<a href=""/monomers/dL/"">[dL]</a>.<a href=""/monomers/dL/"">[dL]</a>.<a href=""/monomers/P/"">P</a>.<a href=""/monomers/Y/"">Y</a>}$PEPTIDE3,PEPTIDE3,1:R1-6:R2$$$","['dL', 'dL', 'dL', 'dL', 'P', 'Y']","[0.8193999999999995, 0.8193999999999995, 0.8193999999999995, 0.8193999999999995, 0.2794999999999998, 0.7215999999999996]","[29.1, 29.1, 29.1, 29.1, 20.31, 49.33]",6,6,Circle,-7.0,-7.0,,,,,,,,,,,,,,,16.3125436,-6.935655976,16.3125436,1.737066725,0.215270438,712.933,652.453,712.4523483,284,0,0.29309207,-0.507966645,0.507966645,0.29309207,0.745098039,1.156862745,1.607843137,5.29e-16,-0.24928777,-1.99e-16,-2.716753673,-1.71e-16,-2.89458429,-1.1e-16,-1.135790365,3.600346506,3800.979834,90.09941163,84.54101961,24.54101961,47.81706099,42.23007366,12.58575739,8.507910908,8.507910908,4.876575574,4.876575574,3.036401246,3.036401246,-4.16,2.8999999999999997e+34,8.308622705,18.89589014,12.53381155,387.0455828,36.55778469,41.85686664,7.059210392,35.44307838,1.431199657,0.0,28.7672231,0.0,0.0,0.0,66.89997435,79.46166906,73.18316106,13.70758556,114.9562037,35.44307838,1.431199657,31.4489765,23.57583074,135.5329661,6.496859684,29.73312632,0,5.749511833,26.54906677,0.0,5.749511833,0.0,89.48721045,35.14014801,23.57583074,172.6370999,24.16967483,7.059210392,0.0,0,186.04,267.9803495,23.50831307,28.7672231,0,0,0,0,0,0,5.108808191,59.00305902,521.3100972,0.0,94.60777993,-9.276643065,-2.655514009,-52.36769241,-49.04933642,-43.10535189,-49.46333938,0.0,0.684210526,51,6,13,0,2,2,1,0,1,7,6,13,19,0,2,2,3,2.5477,194.0193,0,0,0,0,0,0,0,1,0,0,6,6,0,0,0,1,5,0,0,0,0,0,0,0,0,0,0,6,0,0,0,0,0,0,1,0,1,0,0,0,0,0,0,0,0,0,0,0,0,0,0,0,0,0,0,0,0,0,0,0,0,0,0,0,0,1,1,0,0,0,0,0,0,0,0,0,0,0,0,0,0,0,0,0,0,2.44360442,-1.286946541,163.0,162.0,0
4,2006_Rezai_1,2006,1.0,compound.3,4,,,,,CC(C)C[C@@H]1NC(=O)[C@H](CC(C)C)NC(=O)[C@H](Cc2ccc(O)cc2)NC(=O)[C@@H]2CCCN2C(=O)[C@@H](CC(C)C)NC(=O)[C@H](CC(C)C)NC1=O,"PEPTIDE4{L.L.L.[dL].P.Y}$PEPTIDE4,PEPTIDE4,1:R1-6:R2$$$","PEPTIDE4{<a href=""/monomers/L/"">L</a>.<a href=""/monomers/L/"">L</a>.<a href=""/monomers/L/"">L</a>.<a href=""/monomers/dL/"">[dL]</a>.<a href=""/monomers/P/"">P</a>.<a href=""/monomers/Y/"">Y</a>}$PEPTIDE4,PEPTIDE4,1:R1-6:R2$$$","['L', 'L', 'L', 'dL', 'P', 'Y']","[0.8193999999999995, 0.8193999999999995, 0.8193999999999995, 0.8193999999999995, 0.2794999999999998, 0.7215999999999996]","[29.1, 29.1, 29.1, 29.1, 20.31, 49.33]",6,6,Circle,-7.1,-7.1,,,,,,,,,,,,,,,16.3125436,-6.935655976,16.3125436,1.737066725,0.215270438,712.933,652.453,712.4523483,284,0,0.29309207,-0.507966645,0.507966645,0.29309207,0.745098039,1.156862745,1.607843137,7.25e-17,-0.24928777,-2.39e-16,-2.716753673,-1.73e-16,-2.89458429,-2.19e-16,-1.135790365,3.600346506,3800.979834,90.09941163,84.54101961,24.54101961,47.81706099,42.23007366,12.58575739,8.507910908,8.507910908,4.876575574,4.876575574,3.036401246,3.036401246,-4.16,1.16e+35,8.308622705,18.89589014,12.53381155,387.0455828,36.55778469,41.85686664,7.059210392,35.44307838,1.431199657,0.0,28.7672231,0.0,0.0,0.0,66.89997435,79.46166906,73.18316106,13.70758556,114.9562037,35.44307838,1.431199657,31.4489765,23.57583074,135.5329661,6.496859684,29.73312632,0,5.749511833,26.54906677,0.0,5.749511833,0.0,89.48721045,35.14014801,23.57583074,172.6370999,24.16967483,7.059210392,0.0,0,186.04,267.9803495,23.50831307,28.7672231,0,0,0,0,0,0,5.108808191,59.00305902,521.3100972,0.0,94.60777993,-9.276643065,-2.655514009,-52.36769241,-49.04933642,-43.10535189,-49.46333938,0.0,0.684210526,51,6,13,0,2,2,1,0,1,7,6,13,19,0,2,2,3,2.5477,194.0193,0,0,0,0,0,0,0,1,0,0,6,6,0,0,0,1,5,0,0,0,0,0,0,0,0,0,0,6,0,0,0,0,0,0,1,0,1,0,0,0,0,0,0,0,0,0,0,0,0,0,0,0,0,0,0,0,0,0,0,0,0,0,0,0,0,1,1,0,0,0,0,0,0,0,0,0,0,0,0,0,0,0,0,0,0,2.44360442,-1.286946541,146.0,142.0,0
5,2006_Rezai_1,2006,1.0,compound.4,5,[1045],['2015_Wang'],"[['-5.79', '-5.84']]","[['PAMPA', 'Caco2']]",CC(C)C[C@@H]1NC(=O)[C@H](Cc2ccc(O)cc2)NC(=O)[C@@H]2CCCN2C(=O)[C@@H](CC(C)C)NC(=O)[C@@H](CC(C)C)NC(=O)[C@@H](CC(C)C)NC1=O,"PEPTIDE5{L.[dL].[dL].[dL].P.Y}$PEPTIDE5,PEPTIDE5,1:R1-6:R2$$$","PEPTIDE5{<a href=""/monomers/L/"">L</a>.<a href=""/monomers/dL/"">[dL]</a>.<a href=""/monomers/dL/"">[dL]</a>.<a href=""/monomers/dL/"">[dL]</a>.<a href=""/monomers/P/"">P</a>.<a href=""/monomers/Y/"">Y</a>}$PEPTIDE5,PEPTIDE5,1:R1-6:R2$$$","['L', 'dL', 'dL', 'dL', 'P', 'Y']","[0.8193999999999995, 0.8193999999999995, 0.8193999999999995, 0.8193999999999995, 0.2794999999999998, 0.7215999999999996]","[29.1, 29.1, 29.1, 29.1, 20.31, 49.33]",6,6,Circle,-7.2,-7.2,,,,,,,,,,,,,,,16.3125436,-6.935655976,16.3125436,1.737066725,0.215270438,712.933,652.453,712.4523483,284,0,0.29309207,-0.507966645,0.507966645,0.29309207,0.745098039,1.156862745,1.607843137,5.29e-16,-0.24928777,-1.99e-16,-2.716753673,-1.71e-16,-2.89458429,-1.1e-16,-1.135790365,3.600346506,3800.979834,90.09941163,84.54101961,24.54101961,47.81706099,42.23007366,12.58575739,8.507910908,8.507910908,4.876575574,4.876575574,3.036401246,3.036401246,-4.16,2.8999999999999997e+34,8.308622705,18.89589014,12.53381155,387.0455828,36.55778469,41.85686664,7.059210392,35.44307838,1.431199657,0.0,28.7672231,0.0,0.0,0.0,66.89997435,79.46166906,73.18316106,13.70758556,114.9562037,35.44307838,1.431199657,31.4489765,23.57583074,135.5329661,6.496859684,29.73312632,0,5.749511833,26.54906677,0.0,5.749511833,0.0,89.48721045,35.14014801,23.57583074,172.6370999,24.16967483,7.059210392,0.0,0,186.04,267.9803495,23.50831307,28.7672231,0,0,0,0,0,0,5.108808191,59.00305902,521.3100972,0.0,94.60777993,-9.276643065,-2.655514009,-52.36769241,-49.04933642,-43.10535189,-49.46333938,0.0,0.684210526,51,6,13,0,2,2,1,0,1,7,6,13,19,0,2,2,3,2.5477,194.0193,0,0,0,0,0,0,0,1,0,0,6,6,0,0,0,1,5,0,0,0,0,0,0,0,0,0,0,6,0,0,0,0,0,0,1,0,1,0,0,0,0,0,0,0,0,0,0,0,0,0,0,0,0,0,0,0,0,0,0,0,0,0,0,0,0,1,1,0,0,0,0,0,0,0,0,0,0,0,0,0,0,0,0,0,0,2.44360442,-1.286946541,164.0,165.0,0
6,2006_Rezai_1,2006,1.0,compound.5,6,,,,,CC(C)C[C@@H]1NC(=O)[C@H](CC(C)C)NC(=O)[C@H](Cc2ccc(O)cc2)NC(=O)[C@H]2CCCN2C(=O)[C@H](CC(C)C)NC(=O)[C@H](CC(C)C)NC1=O,"PEPTIDE6{L.L.L.L.[dP].Y}$PEPTIDE6,PEPTIDE6,1:R1-6:R2$$$","PEPTIDE6{<a href=""/monomers/L/"">L</a>.<a href=""/monomers/L/"">L</a>.<a href=""/monomers/L/"">L</a>.<a href=""/monomers/L/"">L</a>.<a href=""/monomers/dP/"">[dP]</a>.<a href=""/monomers/Y/"">Y</a>}$PEPTIDE6,PEPTIDE6,1:R1-6:R2$$$","['L', 'L', 'L', 'L', 'dP', 'Y']","[0.8193999999999995, 0.8193999999999995, 0.8193999999999995, 0.8193999999999995, 0.2794999999999998, 0.7215999999999996]","[29.1, 29.1, 29.1, 29.1, 20.31, 49.33]",6,6,Circle,-7.3,-7.3,,,,,,,,,,,,,,,16.3125436,-6.935655976,16.3125436,1.737066725,0.215270438,712.933,652.453,712.4523483,284,0,0.29309207,-0.507966645,0.507966645,0.29309207,0.745098039,1.156862745,1.607843137,7.25e-17,-0.24928777,-2.39e-16,-2.716753673,-1.73e-16,-2.89458429,-2.19e-16,-1.135790365,3.600346506,3800.979834,90.09941163,84.54101961,24.54101961,47.81706099,42.23007366,12.58575739,8.507910908,8.507910908,4.876575574,4.876575574,3.036401246,3.036401246,-4.16,1.16e+35,8.308622705,18.89589014,12.53381155,387.0455828,36.55778469,41.85686664,7.059210392,35.44307838,1.431199657,0.0,28.7672231,0.0,0.0,0.0,66.89997435,79.46166906,73.18316106,13.70758556,114.9562037,35.44307838,1.431199657,31.4489765,23.57583074,135.5329661,6.496859684,29.73312632,0,5.749511833,26.54906677,0.0,5.749511833,0.0,89.48721045,35.14014801,23.57583074,172.6370999,24.16967483,7.059210392,0.0,0,186.04,267.9803495,23.50831307,28.7672231,0,0,0,0,0,0,5.108808191,59.00305902,521.3100972,0.0,94.60777993,-9.276643065,-2.655514009,-52.36769241,-49.04933642,-43.10535189,-49.46333938,0.0,0.684210526,51,6,13,0,2,2,1,0,1,7,6,13,19,0,2,2,3,2.5477,194.0193,0,0,0,0,0,0,0,1,0,0,6,6,0,0,0,1,5,0,0,0,0,0,0,0,0,0,0,6,0,0,0,0,0,0,1,0,1,0,0,0,0,0,0,0,0,0,0,0,0,0,0,0,0,0,0,0,0,0,0,0,0,0,0,0,0,1,1,0,0,0,0,0,0,0,0,0,0,0,0,0,0,0,0,0,0,2.44360442,-1.286946541,158.0,155.0,0
7,2006_Rezai_1,2006,1.0,compound.6,7,,,,,CC(C)C[C@H]1NC(=O)[C@H](Cc2ccc(O)cc2)NC(=O)[C@H]2CCCN2C(=O)[C@@H](CC(C)C)NC(=O)[C@@H](CC(C)C)NC(=O)[C@@H](CC(C)C)NC1=O,"PEPTIDE7{[dL].[dL].[dL].[dL].[dP].Y}$PEPTIDE7,PEPTIDE7,1:R1-6:R2$$$","PEPTIDE7{<a href=""/monomers/dL/"">[dL]</a>.<a href=""/monomers/dL/"">[dL]</a>.<a href=""/monomers/dL/"">[dL]</a>.<a href=""/monomers/dL/"">[dL]</a>.<a href=""/monomers/dP/"">[dP]</a>.<a href=""/monomers/Y/"">Y</a>}$PEPTIDE7,PEPTIDE7,1:R1-6:R2$$$","['dL', 'dL', 'dL', 'dL', 'dP', 'Y']","[0.8193999999999995, 0.8193999999999995, 0.8193999999999995, 0.8193999999999995, 0.2794999999999998, 0.7215999999999996]","[29.1, 29.1, 29.1, 29.1, 20.31, 49.33]",6,6,Circle,-7.3,-7.3,,,,,,,,,,,,,,,16.3125436,-6.935655976,16.3125436,1.737066725,0.215270438,712.933,652.453,712.4523483,284,0,0.29309207,-0.507966645,0.507966645,0.29309207,0.745098039,1.156862745,1.607843137,5.29e-16,-0.24928777,-1.99e-16,-2.716753673,-1.71e-16,-2.89458429,-1.1e-16,-1.135790365,3.600346506,3800.979834,90.09941163,84.54101961,24.54101961,47.81706099,42.23007366,12.58575739,8.507910908,8.507910908,4.876575574,4.876575574,3.036401246,3.036401246,-4.16,2.8999999999999997e+34,8.308622705,18.89589014,12.53381155,387.0455828,36.55778469,41.85686664,7.059210392,35.44307838,1.431199657,0.0,28.7672231,0.0,0.0,0.0,66.89997435,79.46166906,73.18316106,13.70758556,114.9562037,35.44307838,1.431199657,31.4489765,23.57583074,135.5329661,6.496859684,29.73312632,0,5.749511833,26.54906677,0.0,5.749511833,0.0,89.48721045,35.14014801,23.57583074,172.6370999,24.16967483,7.059210392,0.0,0,186.04,267.9803495,23.50831307,28.7672231,0,0,0,0,0,0,5.108808191,59.00305902,521.3100972,0.0,94.60777993,-9.276643065,-2.655514009,-52.36769241,-49.04933642,-43.10535189,-49.46333938,0.0,0.684210526,51,6,13,0,2,2,1,0,1,7,6,13,19,0,2,2,3,2.5477,194.0193,0,0,0,0,0,0,0,1,0,0,6,6,0,0,0,1,5,0,0,0,0,0,0,0,0,0,0,6,0,0,0,0,0,0,1,0,1,0,0,0,0,0,0,0,0,0,0,0,0,0,0,0,0,0,0,0,0,0,0,0,0,0,0,0,0,1,1,0,0,0,0,0,0,0,0,0,0,0,0,0,0,0,0,0,0,2.44360442,-1.286946541,157.0,157.0,0
8,2006_Rezai_1,2006,1.0,compound.7,8,,,,,CC(C)C[C@@H]1NC(=O)[C@H](Cc2ccc(O)cc2)NC(=O)[C@@H]2CCCN2C(=O)[C@@H](CC(C)C)NC(=O)[C@@H](CC(C)C)NC(=O)[C@H](CC(C)C)NC1=O,"PEPTIDE8{L.L.[dL].[dL].P.Y}$PEPTIDE8,PEPTIDE8,1:R1-6:R2$$$","PEPTIDE8{<a href=""/monomers/L/"">L</a>.<a href=""/monomers/L/"">L</a>.<a href=""/monomers/dL/"">[dL]</a>.<a href=""/monomers/dL/"">[dL]</a>.<a href=""/monomers/P/"">P</a>.<a href=""/monomers/Y/"">Y</a>}$PEPTIDE8,PEPTIDE8,1:R1-6:R2$$$","['L', 'L', 'dL', 'dL', 'P', 'Y']","[0.8193999999999995, 0.8193999999999995, 0.8193999999999995, 0.8193999999999995, 0.2794999999999998, 0.7215999999999996]","[29.1, 29.1, 29.1, 29.1, 20.31, 49.33]",6,6,Circle,-7.3,-7.3,,,,,,,,,,,,,,,16.3125436,-6.935655976,16.3125436,1.737066725,0.215270438,712.933,652.453,712.4523483,284,0,0.29309207,-0.507966645,0.507966645,0.29309207,0.745098039,1.156862745,1.607843137,5.29e-16,-0.24928777,-1.99e-16,-2.716753673,-1.71e-16,-2.89458429,-1.1e-16,-1.135790365,3.600346506,3800.979834,90.09941163,84.54101961,24.54101961,47.81706099,42.23007366,12.58575739,8.507910908,8.507910908,4.876575574,4.876575574,3.036401246,3.036401246,-4.16,2.8999999999999997e+34,8.308622705,18.89589014,12.53381155,387.0455828,36.55778469,41.85686664,7.059210392,35.44307838,1.431199657,0.0,28.7672231,0.0,0.0,0.0,66.89997435,79.46166906,73.18316106,13.70758556,114.9562037,35.44307838,1.431199657,31.4489765,23.57583074,135.5329661,6.496859684,29.73312632,0,5.749511833,26.54906677,0.0,5.749511833,0.0,89.48721045,35.14014801,23.57583074,172.6370999,24.16967483,7.059210392,0.0,0,186.04,267.9803495,23.50831307,28.7672231,0,0,0,0,0,0,5.108808191,59.00305902,521.3100972,0.0,94.60777993,-9.276643065,-2.655514009,-52.36769241,-49.04933642,-43.10535189,-49.46333938,0.0,0.684210526,51,6,13,0,2,2,1,0,1,7,6,13,19,0,2,2,3,2.5477,194.0193,0,0,0,0,0,0,0,1,0,0,6,6,0,0,0,1,5,0,0,0,0,0,0,0,0,0,0,6,0,0,0,0,0,0,1,0,1,0,0,0,0,0,0,0,0,0,0,0,0,0,0,0,0,0,0,0,0,0,0,0,0,0,0,0,0,1,1,0,0,0,0,0,0,0,0,0,0,0,0,0,0,0,0,0,0,2.44360442,-1.286946541,161.0,161.0,0
9,2006_Rezai_1,2006,1.0,compound.8,9,[1066],['2015_Wang'],"[['-6.96', '-6.23']]","[['PAMPA', 'Caco2']]",CC(C)C[C@@H]1NC(=O)[C@H](Cc2ccc(O)cc2)NC(=O)[C@H]2CCCN2C(=O)[C@@H](CC(C)C)NC(=O)[C@H](CC(C)C)NC(=O)[C@@H](CC(C)C)NC1=O,"PEPTIDE9{L.[dL].L.[dL].[dP].Y}$PEPTIDE9,PEPTIDE9,1:R1-6:R2$$$","PEPTIDE9{<a href=""/monomers/L/"">L</a>.<a href=""/monomers/dL/"">[dL]</a>.<a href=""/monomers/L/"">L</a>.<a href=""/monomers/dL/"">[dL]</a>.<a href=""/monomers/dP/"">[dP]</a>.<a href=""/monomers/Y/"">Y</a>}$PEPTIDE9,PEPTIDE9,1:R1-6:R2$$$","['L', 'dL', 'L', 'dL', 'dP', 'Y']","[0.8193999999999995, 0.8193999999999995, 0.8193999999999995, 0.8193999999999995, 0.2794999999999998, 0.7215999999999996]","[29.1, 29.1, 29.1, 29.1, 20.31, 49.33]",6,6,Circle,-8.1,-8.1,,,,Could not be detected by LC/MS in the acceptor well of the PAMPA assay after 72 h. An upper limit logPe value of -8.1 was set according to the detection limit of the LC/MS.,,,,,,,,,,,16.3125436,-6.935655976,16.3125436,1.737066725,0.215270438,712.933,652.453,712.4523483,284,0,0.29309207,-0.507966645,0.507966645,0.29309207,0.745098039,1.156862745,1.607843137,5.29e-16,-0.24928777,-1.99e-16,-2.716753673,-1.71e-16,-2.89458429,-1.1e-16,-1.135790365,3.600346506,3800.979834,90.09941163,84.54101961,24.54101961,47.81706099,42.23007366,12.58575739,8.507910908,8.507910908,4.876575574,4.876575574,3.036401246,3.036401246,-4.16,2.8999999999999997e+34,8.308622705,18.89589014,12.53381155,387.0455828,36.55778469,41.85686664,7.059210392,35.44307838,1.431199657,0.0,28.7672231,0.0,0.0,0.0,66.89997435,79.46166906,73.18316106,13.70758556,114.9562037,35.44307838,1.431199657,31.4489765,23.57583074,135.5329661,6.496859684,29.73312632,0,5.749511833,26.54906677,0.0,5.749511833,0.0,89.48721045,35.14014801,23.57583074,172.6370999,24.16967483,7.059210392,0.0,0,186.04,267.9803495,23.50831307,28.7672231,0,0,0,0,0,0,5.108808191,59.00305902,521.3100972,0.0,94.60777993,-9.276643065,-2.655514009,-52.36769241,-49.04933642,-43.10535189,-49.46333938,0.0,0.684210526,51,6,13,0,2,2,1,0,1,7,6,13,19,0,2,2,3,2.5477,194.0193,0,0,0,0,0,0,0,1,0,0,6,6,0,0,0,1,5,0,0,0,0,0,0,0,0,0,0,6,0,0,0,0,0,0,1,0,1,0,0,0,0,0,0,0,0,0,0,0,0,0,0,0,0,0,0,0,0,0,0,0,0,0,0,0,0,1,1,0,0,0,0,0,0,0,0,0,0,0,0,0,0,0,0,0,0,2.44360442,-1.286946541,150.0,151.0,0
10,2006_Rezai_1,2006,1.0,compound.9,10,"[23, 1017, 1049, 2346, 2456, 7452]","['2011_White', '2015_Lewis', '2015_Wang', '2018_Naylor', '2020_Hosono', '2023_Ghosh']","[['-5.74'], ['-6.55', '-5.70'], ['-5.91', '-5.91'], ['-5.64', '-5.87'], ['-6.52'], ['-5.60', '-5.18']]","[['RRCK'], ['PAMPA', 'MDCK'], ['PAMPA', 'Caco2'], ['PAMPA', 'RRCK'], ['PAMPA'], ['PAMPA', 'Caco2']]",CC(C)C[C@@H]1NC(=O)[C@H](Cc2ccc(O)cc2)NC(=O)[C@H]2CCCN2C(=O)[C@H](CC(C)C)NC(=O)[C@H](CC(C)C)NC(=O)[C@@H](CC(C)C)NC1=O,"PEPTIDE10{L.[dL].L.L.[dP].Y}$PEPTIDE10,PEPTIDE10,1:R1-6:R2$$$","PEPTIDE10{<a href=""/monomers/L/"">L</a>.<a href=""/monomers/dL/"">[dL]</a>.<a href=""/monomers/L/"">L</a>.<a href=""/monomers/L/"">L</a>.<a href=""/monomers/dP/"">[dP]</a>.<a href=""/monomers/Y/"">Y</a>}$PEPTIDE10,PEPTIDE10,1:R1-6:R2$$$","['L', 'dL', 'L', 'L', 'dP', 'Y']","[0.8193999999999995, 0.8193999999999995, 0.8193999999999995, 0.8193999999999995, 0.2794999999999998, 0.7215999999999996]","[29.1, 29.1, 29.1, 29.1, 20.31, 49.33]",6,6,Circle,-8.1,-8.1,,,,Could not be detected by LC/MS in the acceptor well of the PAMPA assay after 72 h. An upper limit logPe value of -8.1 was set according to the detection limit of the LC/MS.,,,,,,,,,,,16.3125436,-6.935655976,16.3125436,1.737066725,0.215270438,712.933,652.453,712.4523483,284,0,0.29309207,-0.507966645,0.507966645,0.29309207,0.745098039,1.156862745,1.607843137,5.29e-16,-0.24928777,-1.99e-16,-2.716753673,-1.71e-16,-2.89458429,-1.1e-16,-1.135790365,3.600346506,3800.979834,90.09941163,84.54101961,24.54101961,47.81706099,42.23007366,12.58575739,8.507910908,8.507910908,4.876575574,4.876575574,3.036401246,3.036401246,-4.16,2.8999999999999997e+34,8.308622705,18.89589014,12.53381155,387.0455828,36.55778469,41.85686664,7.059210392,35.44307838,1.431199657,0.0,28.7672231,0.0,0.0,0.0,66.89997435,79.46166906,73.18316106,13.70758556,114.9562037,35.44307838,1.431199657,31.4489765,23.57583074,135.5329661,6.496859684,29.73312632,0,5.749511833,26.54906677,0.0,5.749511833,0.0,89.48721045,35.14014801,23.57583074,172.6370999,24.16967483,7.059210392,0.0,0,186.04,267.9803495,23.50831307,28.7672231,0,0,0,0,0,0,5.108808191,59.00305902,521.3100972,0.0,94.60777993,-9.276643065,-2.655514009,-52.36769241,-49.04933642,-43.10535189,-49.46333938,0.0,0.684210526,51,6,13,0,2,2,1,0,1,7,6,13,19,0,2,2,3,2.5477,194.0193,0,0,0,0,0,0,0,1,0,0,6,6,0,0,0,1,5,0,0,0,0,0,0,0,0,0,0,6,0,0,0,0,0,0,1,0,1,0,0,0,0,0,0,0,0,0,0,0,0,0,0,0,0,0,0,0,0,0,0,0,0,0,0,0,0,1,1,0,0,0,0,0,0,0,0,0,0,0,0,0,0,0,0,0,0,2.44360442,-1.286946541,153.0,176.0,0
11,2006_Rezai_2,2006,1.0,compd.3,11,,,,,COc1ccc(C[C@@H]2NC(=O)[C@H](CC(C)C)NC(=O)[C@@H](CC(C)C)NC(=O)[C@@H](CC(C)C)NC(=O)[C@@H](CC(C)C)NC(=O)[C@@H]3CCCN3C2=O)cc1,"PEPTIDE11{[Tyr(Me)].P.[dL].[dL].[dL].L}$PEPTIDE11,PEPTIDE11,1:R1-6:R2$$$","PEPTIDE11{<a href=""/monomers/Tyr(Me)/"">[Tyr(Me)]</a>.<a href=""/monomers/P/"">P</a>.<a href=""/monomers/dL/"">[dL]</a>.<a href=""/monomers/dL/"">[dL]</a>.<a href=""/monomers/dL/"">[dL]</a>.<a href=""/monomers/L/"">L</a>}$PEPTIDE11,PEPTIDE11,1:R1-6:R2$$$","['Tyr(Me)', 'P', 'dL', 'dL', 'dL', 'L']","[1.0245999999999995, 0.2794999999999998, 0.8193999999999995, 0.8193999999999995, 0.8193999999999995, 0.8193999999999995]","[38.33, 20.31, 29.1, 29.1, 29.1, 29.1]",6,6,Circle,-6.47,-6.47,,,,,,,,,,,,112.2,,,16.48343483,-6.966523322,16.48343483,1.95854285,0.233167164,726.96,664.464,726.4679983,290,0,0.245675543,-0.496768219,0.496768219,0.245675543,0.730769231,1.134615385,1.538461538,2.75e-16,-0.24928777,-2.65e-16,-2.716332709,-2.33e-16,-2.894700287,-1.53e-16,-1.135790752,3.611477828,3907.527995,92.59941163,87.04101961,25.04101961,48.9635076,43.52594951,12.78988153,8.609972981,8.609972981,4.978637647,4.978637647,3.087432282,3.087432282,-4.16,4.39e+35,8.391326645,19.61322449,12.50824557,396.4531072,36.18583945,41.85686664,7.059210392,35.44307838,0.0,0.0,28.7672231,0.0,0.0,0.0,66.89997435,79.46166906,73.18316106,24.85781369,118.6965342,35.44307838,0.0,31.4489765,23.57583074,135.5329661,13.53481214,29.73312632,0,5.749511833,31.28592972,0.0,5.749511833,0.0,89.98515506,35.14014801,23.57583074,176.7493755,24.16967483,7.059210392,0.0,0,175.04,275.018302,23.50831307,28.7672231,0,0,0,0,0,0,4.736862954,61.68413503,542.3054324,0.0,94.9692789,-13.43986031,-2.783475109,-52.8543403,-49.97067358,-43.3800882,-49.58221956,-4.01405427,0.692307692,52,5,13,0,2,2,1,0,1,7,5,13,20,0,2,2,3,2.8507,198.9065,0,0,0,0,0,0,0,0,0,0,6,6,0,0,0,1,5,0,0,0,0,0,0,0,0,0,0,6,0,0,0,0,0,0,1,0,1,0,0,0,0,1,0,0,0,0,0,0,0,0,0,0,0,0,0,1,0,0,0,0,0,0,0,0,0,0,0,0,0,0,0,0,0,0,0,0,0,0,0,0,0,0,0,0,0,2.077576599,-1.481825677,136.0,136.0,0
12,2006_Rezai_2,2006,1.0,compd.25,12,,,,,COc1ccc(C[C@@H]2NC(=O)[C@H](CC(C)C)NC(=O)[C@H](CC(C)C)NC(=O)[C@@H](CC(C)C)NC(=O)[C@H]3CCCN3C(=O)[C@@H]3CCCN3C2=O)cc1,"PEPTIDE12{[Tyr(Me)].P.[dP].[dL].L.L}$PEPTIDE12,PEPTIDE12,1:R1-6:R2$$$","PEPTIDE12{<a href=""/monomers/Tyr(Me)/"">[Tyr(Me)]</a>.<a href=""/monomers/P/"">P</a>.<a href=""/monomers/dP/"">[dP]</a>.<a href=""/monomers/dL/"">[dL]</a>.<a href=""/monomers/L/"">L</a>.<a href=""/monomers/L/"">L</a>}$PEPTIDE12,PEPTIDE12,1:R1-6:R2$$$","['Tyr(Me)', 'P', 'dP', 'dL', 'L', 'L']","[1.0245999999999995, 0.2794999999999998, 0.2794999999999998, 0.8193999999999995, 0.8193999999999995, 0.8193999999999995]","[38.33, 20.31, 20.31, 29.1, 29.1, 29.1]",6,6,Circle,-7.05,-7.05,,,,,,,,,,,,150.5,,,16.4565307,-6.846776613,16.4565307,1.916386776,0.305423623,710.917,652.453,710.4366982,282,0,0.245675665,-0.496768219,0.496768219,0.245675665,0.745098039,1.196078431,1.68627451,5.69e-16,-0.249287768,-1.75e-16,-2.711119352,-1.51e-16,-2.886301208,-1.1e-16,-1.135601063,2.902480265,3816.692077,88.09941163,82.54101961,24.54101961,46.92483247,41.55234271,12.76348833,8.695383177,8.695383177,5.29719139,5.29719139,3.347481777,3.347481777,-4.16,3.04e+33,8.463428819,17.85842563,10.44532482,383.6143668,35.77593583,41.85686664,5.647368313,35.44307838,0.0,0.0,28.7672231,0.0,0.0,0.0,53.19619012,79.94063627,75.56774507,24.85781369,113.1724164,35.44307838,0.0,31.03907287,17.68187306,128.2021067,20.03167183,29.73312632,0,5.749511833,25.97611637,0.0,5.749511833,0.0,101.3819245,35.14014801,17.68187306,165.3062405,24.16967483,5.647368313,0.0,0,166.25,267.880441,17.9431118,28.7672231,0,0,0,0,0,0,4.736862954,61.72521855,509.7826563,0.0,92.56862691,-10.37646411,-2.722514451,-45.60924115,-48.50487221,-47.39434411,-43.7687156,-3.975131603,0.684210526,51,4,13,0,3,3,1,0,1,7,4,13,16,0,3,3,4,2.3108,192.2558,0,0,0,0,0,0,0,0,0,0,6,6,0,0,0,2,4,0,0,0,0,0,0,0,0,0,0,6,0,0,0,0,0,0,1,0,2,0,0,0,0,1,0,0,0,0,0,0,0,0,0,0,0,0,0,1,0,0,0,0,0,0,0,0,0,0,0,0,0,0,0,0,0,0,0,0,0,0,0,0,0,0,0,0,0,3.141506827,-1.787185091,130.0,132.0,0
13,2006_Rezai_2,2006,1.0,compd.42,13,,,,,COc1ccc(C[C@@H]2NC(=O)[C@@H](CC(C)C)NC(=O)[C@H]3CCCN3C(=O)[C@H](CC(C)C)NC(=O)[C@H](CC(C)C)NC(=O)[C@@H]3CCCN3C2=O)cc1,"PEPTIDE13{[Tyr(Me)].P.L.L.[dP].[dL]}$PEPTIDE13,PEPTIDE13,1:R1-6:R2$$$","PEPTIDE13{<a href=""/monomers/Tyr(Me)/"">[Tyr(Me)]</a>.<a href=""/monomers/P/"">P</a>.<a href=""/monomers/L/"">L</a>.<a href=""/monomers/L/"">L</a>.<a href=""/monomers/dP/"">[dP]</a>.<a href=""/monomers/dL/"">[dL]</a>}$PEPTIDE13,PEPTIDE13,1:R1-6:R2$$$","['Tyr(Me)', 'P', 'L', 'L', 'dP', 'dL']","[1.0245999999999995, 0.2794999999999998, 0.8193999999999995, 0.8193999999999995, 0.2794999999999998, 0.8193999999999995]","[38.33, 20.31, 29.1, 29.1, 20.31, 29.1]",6,6,Circle,-7.27,-7.27,,,,,,,,,,,,119.8,,,16.40522621,-6.767925054,16.40522621,1.909433345,0.305423623,710.917,652.453,710.4366982,282,0,0.245675543,-0.496768219,0.496768219,0.245675543,0.745098039,1.176470588,1.647058824,1.25e-15,-0.249287767,-2.1e-16,-2.705003362,-1.87e-16,-2.876539618,-4.12e-17,-1.135350259,2.890807946,3816.692077,88.09941163,82.54101961,24.54101961,46.92483247,41.55234271,12.76348833,8.695383177,8.695383177,5.29719139,5.29719139,3.347481777,3.347481777,-4.16,5.429999999999999e+31,8.463428819,17.85842563,10.44532482,383.6143668,35.77593583,41.85686664,5.647368313,35.44307838,0.0,0.0,28.7672231,0.0,0.0,0.0,53.19619012,79.94063627,75.56774507,24.85781369,113.1724164,35.44307838,0.0,31.03907287,17.68187306,128.2021067,20.03167183,29.73312632,0,5.749511833,25.97611637,0.0,5.749511833,0.0,101.3819245,35.14014801,17.68187306,165.3062405,24.16967483,5.647368313,0.0,0,166.25,267.880441,19.35495388,28.7672231,0,0,0,0,0,0,4.736862954,60.31337647,509.7197676,0.0,92.34056323,-10.14840042,-2.709371659,-45.46579077,-48.4669216,-47.55775437,-43.74320325,-3.968888724,0.684210526,51,4,13,0,3,3,1,0,1,7,4,13,16,0,3,3,4,2.3108,192.2558,0,0,0,0,0,0,0,0,0,0,6,6,0,0,0,2,4,0,0,0,0,0,0,0,0,0,0,6,0,0,0,0,0,0,1,0,2,0,0,0,0,1,0,0,0,0,0,0,0,0,0,0,0,0,0,1,0,0,0,0,0,0,0,0,0,0,0,0,0,0,0,0,0,0,0,0,0,0,0,0,0,0,0,0,0,3.282551839,-1.72821217,120.0,119.0,0
14,2006_Rezai_2,2006,1.0,compd.46,14,,,,,COc1ccc(C[C@@H]2NC(=O)[C@@H](CC(C)C)NC(=O)[C@@H](CC(C)C)NC(=O)[C@@H](CC(C)C)NC(=O)[C@H](CC(C)C)NC(=O)[C@@H]3CCCN3C2=O)cc1,"PEPTIDE14{[Tyr(Me)].P.L.[dL].[dL].[dL]}$PEPTIDE14,PEPTIDE14,1:R1-6:R2$$$","PEPTIDE14{<a href=""/monomers/Tyr(Me)/"">[Tyr(Me)]</a>.<a href=""/monomers/P/"">P</a>.<a href=""/monomers/L/"">L</a>.<a href=""/monomers/dL/"">[dL]</a>.<a href=""/monomers/dL/"">[dL]</a>.<a href=""/monomers/dL/"">[dL]</a>}$PEPTIDE14,PEPTIDE14,1:R1-6:R2$$$","['Tyr(Me)', 'P', 'L', 'dL', 'dL', 'dL']","[1.0245999999999995, 0.2794999999999998, 0.8193999999999995, 0.8193999999999995, 0.8193999999999995, 0.8193999999999995]","[38.33, 20.31, 29.1, 29.1, 29.1, 29.1]",6,6,Circle,-7.16,-7.16,,,,,,,,,,,,170.4,,,16.48343483,-6.966523322,16.48343483,1.95854285,0.233167164,726.96,664.464,726.4679983,290,0,0.245675543,-0.496768219,0.496768219,0.245675543,0.730769231,1.134615385,1.538461538,2.75e-16,-0.24928777,-2.65e-16,-2.716332709,-2.33e-16,-2.894700287,-1.53e-16,-1.135790752,3.611477828,3907.527995,92.59941163,87.04101961,25.04101961,48.9635076,43.52594951,12.78988153,8.609972981,8.609972981,4.978637647,4.978637647,3.087432282,3.087432282,-4.16,4.39e+35,8.391326645,19.61322449,12.50824557,396.4531072,36.18583945,41.85686664,7.059210392,35.44307838,0.0,0.0,28.7672231,0.0,0.0,0.0,66.89997435,79.46166906,73.18316106,24.85781369,118.6965342,35.44307838,0.0,31.4489765,23.57583074,135.5329661,13.53481214,29.73312632,0,5.749511833,31.28592972,0.0,5.749511833,0.0,89.98515506,35.14014801,23.57583074,176.7493755,24.16967483,7.059210392,0.0,0,175.04,275.018302,23.50831307,28.7672231,0,0,0,0,0,0,4.736862954,61.68413503,542.3054324,0.0,94.9692789,-13.43986031,-2.783475109,-52.8543403,-49.97067358,-43.3800882,-49.58221956,-4.01405427,0.692307692,52,5,13,0,2,2,1,0,1,7,5,13,20,0,2,2,3,2.8507,198.9065,0,0,0,0,0,0,0,0,0,0,6,6,0,0,0,1,5,0,0,0,0,0,0,0,0,0,0,6,0,0,0,0,0,0,1,0,1,0,0,0,0,1,0,0,0,0,0,0,0,0,0,0,0,0,0,1,0,0,0,0,0,0,0,0,0,0,0,0,0,0,0,0,0,0,0,0,0,0,0,0,0,0,0,0,0,2.077576599,-1.481825677,148.0,151.0,0
15,2006_Rezai_2,2006,1.0,compd.69,15,,,,,COc1ccc(C[C@@H]2NC(=O)[C@@H](CC(C)C)NC(=O)[C@@H](CC(C)C)NC(=O)[C@@H](CC(C)C)NC(=O)[C@@H](CC(C)C)NC(=O)[C@@H]3CCCN3C2=O)cc1,"PEPTIDE15{[Tyr(Me)].P.[dL].[dL].[dL].[dL]}$PEPTIDE15,PEPTIDE15,1:R1-6:R2$$$","PEPTIDE15{<a href=""/monomers/Tyr(Me)/"">[Tyr(Me)]</a>.<a href=""/monomers/P/"">P</a>.<a href=""/monomers/dL/"">[dL]</a>.<a href=""/monomers/dL/"">[dL]</a>.<a href=""/monomers/dL/"">[dL]</a>.<a href=""/monomers/dL/"">[dL]</a>}$PEPTIDE15,PEPTIDE15,1:R1-6:R2$$$","['Tyr(Me)', 'P', 'dL', 'dL', 'dL', 'dL']","[1.0245999999999995, 0.2794999999999998, 0.8193999999999995, 0.8193999999999995, 0.8193999999999995, 0.8193999999999995]","[38.33, 20.31, 29.1, 29.1, 29.1, 29.1]",6,6,Circle,-6.52,-6.52,,,,,,,,,,,,118.1,,,16.48343483,-6.966523322,16.48343483,1.95854285,0.233167164,726.96,664.464,726.4679983,290,0,0.245675543,-0.496768219,0.496768219,0.245675543,0.730769231,1.134615385,1.538461538,2.75e-16,-0.24928777,-2.65e-16,-2.716332709,-2.33e-16,-2.894700287,-1.53e-16,-1.135790752,3.611477828,3907.527995,92.59941163,87.04101961,25.04101961,48.9635076,43.52594951,12.78988153,8.609972981,8.609972981,4.978637647,4.978637647,3.087432282,3.087432282,-4.16,4.39e+35,8.391326645,19.61322449,12.50824557,396.4531072,36.18583945,41.85686664,7.059210392,35.44307838,0.0,0.0,28.7672231,0.0,0.0,0.0,66.89997435,79.46166906,73.18316106,24.85781369,118.6965342,35.44307838,0.0,31.4489765,23.57583074,135.5329661,13.53481214,29.73312632,0,5.749511833,31.28592972,0.0,5.749511833,0.0,89.98515506,35.14014801,23.57583074,176.7493755,24.16967483,7.059210392,0.0,0,175.04,275.018302,23.50831307,28.7672231,0,0,0,0,0,0,4.736862954,61.68413503,542.3054324,0.0,94.9692789,-13.43986031,-2.783475109,-52.8543403,-49.97067358,-43.3800882,-49.58221956,-4.01405427,0.692307692,52,5,13,0,2,2,1,0,1,7,5,13,20,0,2,2,3,2.8507,198.9065,0,0,0,0,0,0,0,0,0,0,6,6,0,0,0,1,5,0,0,0,0,0,0,0,0,0,0,6,0,0,0,0,0,0,1,0,1,0,0,0,0,1,0,0,0,0,0,0,0,0,0,0,0,0,0,1,0,0,0,0,0,0,0,0,0,0,0,0,0,0,0,0,0,0,0,0,0,0,0,0,0,0,0,0,0,2.077576599,-1.481825677,131.0,133.0,0
16,2006_Rezai_2,2006,1.0,compd.100,16,,,,,COc1ccc(C[C@@H]2NC(=O)[C@@H](CC(C)C)NC(=O)[C@@H](CC(C)C)NC(=O)[C@H](CC(C)C)NC(=O)[C@@H](CC(C)C)NC(=O)[C@@H]3CCCN3C2=O)cc1,"PEPTIDE16{[Tyr(Me)].P.[dL].L.[dL].[dL]}$PEPTIDE16,PEPTIDE16,1:R1-6:R2$$$","PEPTIDE16{<a href=""/monomers/Tyr(Me)/"">[Tyr(Me)]</a>.<a href=""/monomers/P/"">P</a>.<a href=""/monomers/dL/"">[dL]</a>.<a href=""/monomers/L/"">L</a>.<a href=""/monomers/dL/"">[dL]</a>.<a href=""/monomers/dL/"">[dL]</a>}$PEPTIDE16,PEPTIDE16,1:R1-6:R2$$$","['Tyr(Me)', 'P', 'dL', 'L', 'dL', 'dL']","[1.0245999999999995, 0.2794999999999998, 0.8193999999999995, 0.8193999999999995, 0.8193999999999995, 0.8193999999999995]","[38.33, 20.31, 29.1, 29.1, 29.1, 29.1]",6,6,Circle,-6.68,-6.68,,,,,,,,,,,,116.1,,,16.48343483,-6.966523322,16.48343483,1.95854285,0.233167164,726.96,664.464,726.4679983,290,0,0.245675543,-0.496768219,0.496768219,0.245675543,0.730769231,1.134615385,1.538461538,2.75e-16,-0.24928777,-2.65e-16,-2.716332709,-2.33e-16,-2.894700287,-1.53e-16,-1.135790752,3.611477828,3907.527995,92.59941163,87.04101961,25.04101961,48.9635076,43.52594951,12.78988153,8.609972981,8.609972981,4.978637647,4.978637647,3.087432282,3.087432282,-4.16,4.39e+35,8.391326645,19.61322449,12.50824557,396.4531072,36.18583945,41.85686664,7.059210392,35.44307838,0.0,0.0,28.7672231,0.0,0.0,0.0,66.89997435,79.46166906,73.18316106,24.85781369,118.6965342,35.44307838,0.0,31.4489765,23.57583074,135.5329661,13.53481214,29.73312632,0,5.749511833,31.28592972,0.0,5.749511833,0.0,89.98515506,35.14014801,23.57583074,176.7493755,24.16967483,7.059210392,0.0,0,175.04,275.018302,23.50831307,28.7672231,0,0,0,0,0,0,4.736862954,61.68413503,542.3054324,0.0,94.9692789,-13.43986031,-2.783475109,-52.8543403,-49.97067358,-43.3800882,-49.58221956,-4.01405427,0.692307692,52,5,13,0,2,2,1,0,1,7,5,13,20,0,2,2,3,2.8507,198.9065,0,0,0,0,0,0,0,0,0,0,6,6,0,0,0,1,5,0,0,0,0,0,0,0,0,0,0,6,0,0,0,0,0,0,1,0,1,0,0,0,0,1,0,0,0,0,0,0,0,0,0,0,0,0,0,1,0,0,0,0,0,0,0,0,0,0,0,0,0,0,0,0,0,0,0,0,0,0,0,0,0,0,0,0,0,2.077576599,-1.481825677,139.0,137.0,0
17,2006_Rezai_2,2006,1.0,compd.112,17,,,,,COc1ccc(C[C@@H]2NC(=O)[C@@H](CC(C)C)NC(=O)[C@@H]3CCCN3C(=O)[C@@H](CC(C)C)NC(=O)[C@H]3CCCN3C(=O)[C@H](CC(C)C)NC(=O)[C@H]3CCCN3C2=O)cc1,"PEPTIDE17{[Tyr(Me)].[dP].L.[dP].[dL].P.[dL]}$PEPTIDE17,PEPTIDE17,1:R1-7:R2$$$","PEPTIDE17{<a href=""/monomers/Tyr(Me)/"">[Tyr(Me)]</a>.<a href=""/monomers/dP/"">[dP]</a>.<a href=""/monomers/L/"">L</a>.<a href=""/monomers/dP/"">[dP]</a>.<a href=""/monomers/dL/"">[dL]</a>.<a href=""/monomers/P/"">P</a>.<a href=""/monomers/dL/"">[dL]</a>}$PEPTIDE17,PEPTIDE17,1:R1-7:R2$$$","['Tyr(Me)', 'dP', 'L', 'dP', 'dL', 'P', 'dL']","[1.0245999999999995, 0.2794999999999998, 0.8193999999999995, 0.2794999999999998, 0.8193999999999995, 0.2794999999999998, 0.8193999999999995]","[38.33, 20.31, 29.1, 20.31, 29.1, 20.31, 29.1]",7,7,Circle,-7.29,-7.29,,,,,,,,,,,,144.5,,,16.70308791,-6.883878203,16.70308791,2.004148769,0.292940333,808.034,742.514,807.489462,320,0,0.245675543,-0.496768219,0.496768219,0.245675543,0.655172414,1.034482759,1.448275862,7.45e-16,-0.249287762,-2.39e-16,-2.692062318,-2.09e-16,-2.85979899,-4.85e-17,-1.134678724,2.561696554,4447.887347,99.25411216,92.89648149,27.89648149,52.95154147,46.92728725,14.63843287,10.04635613,10.04635613,6.275071759,6.275071759,4.009668057,4.009668057,-4.69,1.61e+40,9.751113022,19.8424128,10.86903183,434.1893955,40.67584556,47.87475911,5.647368313,41.35025811,0.0,0.0,33.56176029,0.0,0.0,0.0,53.19619012,92.68648608,90.28915609,26.22857225,127.5622635,41.35025811,0.0,35.93898261,17.68187306,146.965849,26.52853151,29.73312632,0,5.749511833,25.97611637,0.0,5.749511833,0.0,124.7037661,39.93468519,17.68187306,187.6474002,24.16967483,5.647368313,0.0,0,186.56,303.9481324,26.20874666,33.56176029,0,0,0,0,0,0,4.736862954,63.05489358,579.1352198,0.0,107.7219904,-10.5170713,-2.84889439,-51.11016694,-56.54844778,-60.42273212,-50.68112799,-4.062103027,0.697674419,58,4,15,0,4,4,1,0,1,8,4,15,16,0,4,4,5,2.3018,216.9908,0,0,0,0,0,0,0,0,0,0,7,7,0,0,0,3,4,0,0,0,0,0,0,0,0,0,0,7,0,0,0,0,0,0,1,0,3,0,0,0,0,1,0,0,0,0,0,0,0,0,0,0,0,0,0,1,0,0,0,0,0,0,0,0,0,0,0,0,0,0,0,0,0,0,0,0,0,0,0,0,0,0,0,0,0,2.205015344,-1.814303855,165.0,167.0,0
18,2006_Rezai_2,2006,1.0,compd.114,18,,,,,COc1ccc(C[C@@H]2NC(=O)[C@H](CC(C)C)NC(=O)[C@@H](CC(C)C)NC(=O)[C@H](CC(C)C)NC(=O)[C@H](CC(C)C)NC(=O)[C@H]3CCCN3C2=O)cc1,"PEPTIDE18{[Tyr(Me)].[dP].L.L.[dL].L}$PEPTIDE18,PEPTIDE18,1:R1-6:R2$$$","PEPTIDE18{<a href=""/monomers/Tyr(Me)/"">[Tyr(Me)]</a>.<a href=""/monomers/dP/"">[dP]</a>.<a href=""/monomers/L/"">L</a>.<a href=""/monomers/L/"">L</a>.<a href=""/monomers/dL/"">[dL]</a>.<a href=""/monomers/L/"">L</a>}$PEPTIDE18,PEPTIDE18,1:R1-6:R2$$$","['Tyr(Me)', 'dP', 'L', 'L', 'dL', 'L']","[1.0245999999999995, 0.2794999999999998, 0.8193999999999995, 0.8193999999999995, 0.8193999999999995, 0.8193999999999995]","[38.33, 20.31, 29.1, 29.1, 29.1, 29.1]",6,6,Circle,-6.75,-6.75,,,,,,,,,,,,120.5,,,16.48343483,-6.966523322,16.48343483,1.95854285,0.233167164,726.96,664.464,726.4679983,290,0,0.245675543,-0.496768219,0.496768219,0.245675543,0.730769231,1.134615385,1.538461538,2.75e-16,-0.24928777,-2.65e-16,-2.716332709,-2.33e-16,-2.894700287,-1.53e-16,-1.135790752,3.611477828,3907.527995,92.59941163,87.04101961,25.04101961,48.9635076,43.52594951,12.78988153,8.609972981,8.609972981,4.978637647,4.978637647,3.087432282,3.087432282,-4.16,4.39e+35,8.391326645,19.61322449,12.50824557,396.4531072,36.18583945,41.85686664,7.059210392,35.44307838,0.0,0.0,28.7672231,0.0,0.0,0.0,66.89997435,79.46166906,73.18316106,24.85781369,118.6965342,35.44307838,0.0,31.4489765,23.57583074,135.5329661,13.53481214,29.73312632,0,5.749511833,31.28592972,0.0,5.749511833,0.0,89.98515506,35.14014801,23.57583074,176.7493755,24.16967483,7.059210392,0.0,0,175.04,275.018302,23.50831307,28.7672231,0,0,0,0,0,0,4.736862954,61.68413503,542.3054324,0.0,94.9692789,-13.43986031,-2.783475109,-52.8543403,-49.97067358,-43.3800882,-49.58221956,-4.01405427,0.692307692,52,5,13,0,2,2,1,0,1,7,5,13,20,0,2,2,3,2.8507,198.9065,0,0,0,0,0,0,0,0,0,0,6,6,0,0,0,1,5,0,0,0,0,0,0,0,0,0,0,6,0,0,0,0,0,0,1,0,1,0,0,0,0,1,0,0,0,0,0,0,0,0,0,0,0,0,0,1,0,0,0,0,0,0,0,0,0,0,0,0,0,0,0,0,0,0,0,0,0,0,0,0,0,0,0,0,0,2.077576599,-1.481825677,149.0,146.0,0
19,2006_Rezai_2,2006,1.0,compd.218,19,,,,,COc1ccc(C[C@@H]2NC(=O)[C@H](CC(C)C)NC(=O)[C@H](CC(C)C)NC(=O)[C@@H]3CCCN3C(=O)[C@@H](CC(C)C)NC(=O)[C@H](CC(C)C)NC(=O)[C@H]3CCCN3C2=O)cc1,"PEPTIDE19{[Tyr(Me)].[dP].L.[dL].P.L.L}$PEPTIDE19,PEPTIDE19,1:R1-7:R2$$$","PEPTIDE19{<a href=""/monomers/Tyr(Me)/"">[Tyr(Me)]</a>.<a href=""/monomers/dP/"">[dP]</a>.<a href=""/monomers/L/"">L</a>.<a href=""/monomers/dL/"">[dL]</a>.<a href=""/monomers/P/"">P</a>.<a href=""/monomers/L/"">L</a>.<a href=""/monomers/L/"">L</a>}$PEPTIDE19,PEPTIDE19,1:R1-7:R2$$$","['Tyr(Me)', 'dP', 'L', 'dL', 'P', 'L', 'L']","[1.0245999999999995, 0.2794999999999998, 0.8193999999999995, 0.8193999999999995, 0.2794999999999998, 0.8193999999999995, 0.8193999999999995]","[38.33, 20.31, 29.1, 29.1, 20.31, 29.1, 29.1]",7,7,Circle,-6.95,-6.95,,,,,,,,,,,,148.4,,,16.76997724,-7.064538361,16.76997724,2.049177559,0.224862488,824.077,754.525,823.5207622,328,0,0.245675543,-0.496768219,0.496768219,0.245675543,0.644067797,1.016949153,1.440677966,5.94e-16,-0.249287767,-3.01e-16,-2.705209056,-1.99e-16,-2.873729946,-1.87e-16,-1.135362845,3.070896134,4540.928344,103.7541122,97.39648149,28.39648149,54.99021661,48.90089405,14.66482607,9.960945938,9.960945938,5.956518016,5.956518016,3.749618563,3.749618563,-4.69,4.81e+42,9.674347823,21.53143223,13.1500677,447.0281359,41.08574918,47.87475911,7.059210392,41.35025811,0.0,0.0,33.56176029,0.0,0.0,0.0,66.89997435,92.20751886,87.90457208,26.22857225,133.0863812,41.35025811,0.0,36.34888623,23.57583074,154.2967083,20.03167183,29.73312632,0,5.749511833,31.28592972,0.0,5.749511833,0.0,113.3069967,39.93468519,23.57583074,199.0905352,24.16967483,7.059210392,0.0,0,195.35,311.0859934,30.36210585,33.56176029,0,0,0,0,0,0,4.736862954,64.42565214,612.0723436,0.0,110.3581803,-13.81175133,-2.916044408,-58.62225944,-58.10528939,-56.30090777,-56.6541722,-4.103432769,0.704545455,59,5,15,0,3,3,1,0,1,8,5,15,20,0,3,3,4,2.8417,223.6415,0,0,0,0,0,0,0,0,0,0,7,7,0,0,0,2,5,0,0,0,0,0,0,0,0,0,0,7,0,0,0,0,0,0,1,0,2,0,0,0,0,1,0,0,0,0,0,0,0,0,0,0,0,0,0,1,0,0,0,0,0,0,0,0,0,0,0,0,0,0,0,0,0,0,0,0,0,0,0,0,0,0,0,0,0,1.106486188,-1.523103453,149.0,149.0,0
20,2006_Rezai_2,2006,1.0,compd.225,20,,,,,COc1ccc(C[C@@H]2NC(=O)[C@H](CC(C)C)NC(=O)[C@@H](CC(C)C)NC(=O)[C@@H](CC(C)C)NC(=O)[C@H]3CCCN3C(=O)[C@H](CC(C)C)NC(=O)[C@H]3CCCN3C2=O)cc1,"PEPTIDE20{[Tyr(Me)].[dP].L.[dP].[dL].[dL].L}$PEPTIDE20,PEPTIDE20,1:R1-7:R2$$$","PEPTIDE20{<a href=""/monomers/Tyr(Me)/"">[Tyr(Me)]</a>.<a href=""/monomers/dP/"">[dP]</a>.<a href=""/monomers/L/"">L</a>.<a href=""/monomers/dP/"">[dP]</a>.<a href=""/monomers/dL/"">[dL]</a>.<a href=""/monomers/dL/"">[dL]</a>.<a href=""/monomers/L/"">L</a>}$PEPTIDE20,PEPTIDE20,1:R1-7:R2$$$","['Tyr(Me)', 'dP', 'L', 'dP', 'dL', 'dL', 'L']","[1.0245999999999995, 0.2794999999999998, 0.8193999999999995, 0.2794999999999998, 0.8193999999999995, 0.8193999999999995, 0.8193999999999995]","[38.33, 20.31, 29.1, 20.31, 29.1, 29.1, 29.1]",7,7,Circle,-7.12,-7.12,,,,,,,,,,,,134.4,,,16.78129654,-7.142451045,16.78129654,2.053258274,0.224862488,824.077,754.525,823.5207622,328,0,0.245675543,-0.496768219,0.496768219,0.245675543,0.644067797,1.016949153,1.440677966,5.15e-16,-0.249287769,-2.6e-16,-2.710630719,-2.48e-16,-2.88252421,-1.24e-16,-1.135612473,3.07455059,4540.928344,103.7541122,97.39648149,28.39648149,54.99021661,48.90089405,14.66482607,9.960945938,9.960945938,5.956518016,5.956518016,3.749618563,3.749618563,-4.69,7.95e+42,9.674347823,21.53143223,13.1500677,447.0281359,41.08574918,47.87475911,7.059210392,41.35025811,0.0,0.0,33.56176029,0.0,0.0,0.0,66.89997435,92.20751886,87.90457208,26.22857225,133.0863812,41.35025811,0.0,36.34888623,23.57583074,154.2967083,20.03167183,29.73312632,0,5.749511833,31.28592972,0.0,5.749511833,0.0,113.3069967,39.93468519,23.57583074,199.0905352,24.16967483,7.059210392,0.0,0,195.35,311.0859934,30.36210585,33.56176029,0,0,0,0,0,0,4.736862954,64.42565214,612.0873539,0.0,110.43181,-13.88538098,-2.922997839,-58.66678701,-58.12646929,-56.24259658,-56.65099689,-4.107268573,0.704545455,59,5,15,0,3,3,1,0,1,8,5,15,20,0,3,3,4,2.8417,223.6415,0,0,0,0,0,0,0,0,0,0,7,7,0,0,0,2,5,0,0,0,0,0,0,0,0,0,0,7,0,0,0,0,0,0,1,0,2,0,0,0,0,1,0,0,0,0,0,0,0,0,0,0,0,0,0,1,0,0,0,0,0,0,0,0,0,0,0,0,0,0,0,0,0,0,0,0,0,0,0,0,0,0,0,0,0,0.977260284,-1.562523736,153.0,155.0,0
21,2006_Rezai_2,2006,1.0,compd.294,21,,,,,COc1ccc(C[C@@H]2NC(=O)[C@@H](CC(C)C)NC(=O)[C@H](CC(C)C)NC(=O)[C@@H](CC(C)C)NC(=O)[C@H](CC(C)C)NC(=O)[C@H](CC(C)C)NC(=O)[C@H]3CCCN3C2=O)cc1,"PEPTIDE21{[Tyr(Me)].[dP].L.L.[dL].L.[dL]}$PEPTIDE21,PEPTIDE21,1:R1-7:R2$$$","PEPTIDE21{<a href=""/monomers/Tyr(Me)/"">[Tyr(Me)]</a>.<a href=""/monomers/dP/"">[dP]</a>.<a href=""/monomers/L/"">L</a>.<a href=""/monomers/L/"">L</a>.<a href=""/monomers/dL/"">[dL]</a>.<a href=""/monomers/L/"">L</a>.<a href=""/monomers/dL/"">[dL]</a>}$PEPTIDE21,PEPTIDE21,1:R1-7:R2$$$","['Tyr(Me)', 'dP', 'L', 'L', 'dL', 'L', 'dL']","[1.0245999999999995, 0.2794999999999998, 0.8193999999999995, 0.8193999999999995, 0.8193999999999995, 0.8193999999999995, 0.8193999999999995]","[38.33, 20.31, 29.1, 29.1, 29.1, 29.1, 29.1]",7,7,Circle,-6.41,-6.41,,,,,,,,,,,,130.1,,,16.81647695,-7.263211436,16.81647695,2.084118785,0.173505253,840.12,766.536,839.5520623,336,0,0.245675543,-0.496768219,0.496768219,0.245675543,0.633333333,0.983333333,1.333333333,1.58e-16,-0.24928777,-2.3e-16,-2.717415601,-2.53e-16,-2.890060518,-2.11e-16,-1.135865468,3.840577906,4632.249775,108.2541122,101.8964815,28.89648149,57.02889174,50.87450085,14.69121927,9.875535742,9.875535742,5.637964273,5.637964273,3.489569068,3.489569068,-4.69,1.19e+45,9.60744207,23.34582607,15.40505231,459.8668763,41.4956528,47.87475911,8.47105247,41.35025811,0.0,0.0,33.56176029,0.0,0.0,0.0,80.60375859,91.72855164,85.51998806,26.22857225,138.610499,41.35025811,0.0,36.75878985,29.46978843,161.6275677,13.53481214,29.73312632,0,5.749511833,36.59574307,0.0,5.749511833,0.0,101.9102273,39.93468519,29.46978843,210.5336702,24.16967483,8.47105247,0.0,0,204.14,318.2238543,34.51546504,33.56176029,0,0,0,0,0,0,4.736862954,65.7964107,645.0450037,0.0,113.2543921,-17.36645327,-2.965153913,-66.35579035,-59.60862753,-51.94390071,-62.75608743,-4.136715989,0.711111111,60,6,15,0,2,2,1,0,1,8,6,15,24,0,2,2,3,3.3816,230.2922,0,0,0,0,0,0,0,0,0,0,7,7,0,0,0,1,6,0,0,0,0,0,0,0,0,0,0,7,0,0,0,0,0,0,1,0,1,0,0,0,0,1,0,0,0,0,0,0,0,0,0,0,0,0,0,1,0,0,0,0,0,0,0,0,0,0,0,0,0,0,0,0,0,0,0,0,0,0,0,0,0,0,0,0,0,-0.045945569,-1.280769273,173.0,173.0,0
22,2011_White,2011,1.0,Cyclosporine A,1,"[1, 932, 981, 1822, 1862, 2356, 7188, 7353]","['2006_Rezai_1', '2015_Ahlbach', '2015_Bockus_1', '2016_Hickey', '2017_Price', '2018_Naylor', '2021_Lee', '2022_Lee']","[['-6.60'], ['-5.01'], ['-5.96'], ['-6.20'], ['-5.25'], ['-6.15', '-5.87'], ['-5.71', '-5.58'], ['-5.72']]","[['PAMPA'], ['PAMPA'], ['RRCK'], ['PAMPA'], ['RRCK'], ['PAMPA', 'RRCK'], ['PAMPA', 'Caco2'], ['PAMPA']]",C/C=C/C[C@@H](C)[C@@H](O)[C@H]1C(=O)N[C@@H](CC)C(=O)N(C)CC(=O)N(C)[C@@H](CC(C)C)C(=O)N[C@@H](C(C)C)C(=O)N(C)[C@@H](CC(C)C)C(=O)N[C@@H](C)C(=O)N[C@H](C)C(=O)N(C)[C@@H](CC(C)C)C(=O)N(C)[C@@H](CC(C)C)C(=O)N(C)[C@@H](C(C)C)C(=O)N1C,"PEPTIDE22{[Abu].[Sar].[meL].V.[meL].A.[dA].[meL].[meL].[meV].[Me_Bmt(E)]}$PEPTIDE22,PEPTIDE22,1:R1-11:R2$$$","PEPTIDE22{<a href=""/monomers/Abu/"">[Abu]</a>.<a href=""/monomers/Sar/"">[Sar]</a>.<a href=""/monomers/meL/"">[meL]</a>.<a href=""/monomers/V/"">V</a>.<a href=""/monomers/meL/"">[meL]</a>.<a href=""/monomers/A/"">A</a>.<a href=""/monomers/dA/"">[dA]</a>.<a href=""/monomers/meL/"">[meL]</a>.<a href=""/monomers/meL/"">[meL]</a>.<a href=""/monomers/meV/"">[meV]</a>.<a href=""/monomers/Me_Bmt(E)/"">[Me_Bmt(E)]</a>}$PEPTIDE22,PEPTIDE22,1:R1-11:R2$$$","['Abu', 'Sar', 'meL', 'V', 'meL', 'A', 'dA', 'meL', 'meL', 'meV', 'Me_Bmt(E)']","[0.1833, -0.2531000000000001, 1.1616, 0.4292999999999995, 1.1616, -0.2068000000000003, -0.2068000000000003, 1.1616, 1.1616, 0.7715000000000001, 1.7328]","[29.1, 20.31, 20.31, 29.1, 20.31, 29.1, 29.1, 20.31, 20.31, 20.31, 29.54]",11,11,Circle,-5.96,,,,-5.96,,,,,,,,,,,,18.025327,-8.388333089,18.025327,3.146713736,0.147924715,1202.635,1090.747,1201.841368,486,0,0.245643649,-0.390126486,0.390126486,0.245643649,0.564705882,1.082352941,1.588235294,1.15e-16,-0.249287767,-3.72e-16,-2.741631859,-3.95e-16,-2.890258212,-2.31e-16,-1.136047084,8.516208569,6899.875158,161.0635132,151.818329,40.81832904,83.32454392,75.13118955,19.93408688,13.7037587,13.7037587,8.107632225,8.107632225,4.665881388,4.665881388,-6.13,4.96e+74,13.26598462,34.87150528,21.65558178,664.6651694,60.64742972,60.17892468,5.647368313,66.41017668,0.0,0.0,52.73990902,0.0,0.0,0.0,108.0306331,100.0509296,173.5698169,33.13825605,208.7964925,64.97897702,1.431199657,55.53862153,41.2577038,220.9786581,55.32764799,12.10414349,0,0.0,21.23925341,0.0,0.0,0.0,227.4049437,52.73990902,41.2577038,300.0201224,12.10414349,5.647368313,0.0,0,278.8,450.1857519,44.02860789,52.73990902,0,0,0,0,0,0,5.108808191,108.350367,992.9384945,0.0,165.6557411,-9.339386785,0.0,-108.5974979,-85.82308579,-51.24993928,-163.1676591,0.0,0.790322581,85,5,23,0,1,1,0,0,0,12,5,23,40,0,1,1,1,3.269,328.4446,0,1,0,0,0,0,0,0,0,0,11,11,0,0,0,7,4,0,0,7,0,0,0,0,0,0,2,11,0,0,0,0,0,0,0,0,0,0,0,0,0,0,0,0,0,0,0,0,0,0,0,0,0,0,0,0,0,0,0,0,0,0,0,0,0,0,0,0,0,0,0,0,0,0,0,0,0,0,0,0,0,0,0,0,0,-6.620415814,-0.186784244,174.0,172.0,1
23,2011_White,2011,1.0,compound.1,10,"[10, 1017, 1049, 2346, 2456, 7452]","['2006_Rezai_1', '2015_Lewis', '2015_Wang', '2018_Naylor', '2020_Hosono', '2023_Ghosh']","[['-8.10'], ['-6.55', '-5.70'], ['-5.91', '-5.91'], ['-5.64', '-5.87'], ['-6.52'], ['-5.60', '-5.18']]","[['PAMPA'], ['PAMPA', 'MDCK'], ['PAMPA', 'Caco2'], ['PAMPA', 'RRCK'], ['PAMPA'], ['PAMPA', 'Caco2']]",CC(C)C[C@@H]1NC(=O)[C@H](Cc2ccc(O)cc2)NC(=O)[C@H]2CCCN2C(=O)[C@H](CC(C)C)NC(=O)[C@H](CC(C)C)NC(=O)[C@@H](CC(C)C)NC1=O,"PEPTIDE23{L.[dL].L.L.[dP].Y}$PEPTIDE23,PEPTIDE23,1:R1-6:R2$$$","PEPTIDE23{<a href=""/monomers/L/"">L</a>.<a href=""/monomers/dL/"">[dL]</a>.<a href=""/monomers/L/"">L</a>.<a href=""/monomers/L/"">L</a>.<a href=""/monomers/dP/"">[dP]</a>.<a href=""/monomers/Y/"">Y</a>}$PEPTIDE23,PEPTIDE23,1:R1-6:R2$$$","['L', 'dL', 'L', 'L', 'dP', 'Y']","[0.8193999999999995, 0.8193999999999995, 0.8193999999999995, 0.8193999999999995, 0.2794999999999998, 0.7215999999999996]","[29.1, 29.1, 29.1, 29.1, 20.31, 49.33]",6,6,Circle,-5.74,,,,-5.74,,,,,,,,,,,,16.3125436,-6.935655976,16.3125436,1.737066725,0.215270438,712.933,652.453,712.4523483,284,0,0.29309207,-0.507966645,0.507966645,0.29309207,0.745098039,1.156862745,1.607843137,5.29e-16,-0.24928777,-1.99e-16,-2.716753673,-1.71e-16,-2.89458429,-1.1e-16,-1.135790365,3.600346506,3800.979834,90.09941163,84.54101961,24.54101961,47.81706099,42.23007366,12.58575739,8.507910908,8.507910908,4.876575574,4.876575574,3.036401246,3.036401246,-4.16,2.8999999999999997e+34,8.308622705,18.89589014,12.53381155,387.0455828,36.55778469,41.85686664,7.059210392,35.44307838,1.431199657,0.0,28.7672231,0.0,0.0,0.0,66.89997435,79.46166906,73.18316106,13.70758556,114.9562037,35.44307838,1.431199657,31.4489765,23.57583074,135.5329661,6.496859684,29.73312632,0,5.749511833,26.54906677,0.0,5.749511833,0.0,89.48721045,35.14014801,23.57583074,172.6370999,24.16967483,7.059210392,0.0,0,186.04,267.9803495,23.50831307,28.7672231,0,0,0,0,0,0,5.108808191,59.00305902,521.3100972,0.0,94.60777993,-9.276643065,-2.655514009,-52.36769241,-49.04933642,-43.10535189,-49.46333938,0.0,0.684210526,51,6,13,0,2,2,1,0,1,7,6,13,19,0,2,2,3,2.5477,194.0193,0,0,0,0,0,0,0,1,0,0,6,6,0,0,0,1,5,0,0,0,0,0,0,0,0,0,0,6,0,0,0,0,0,0,1,0,1,0,0,0,0,0,0,0,0,0,0,0,0,0,0,0,0,0,0,0,0,0,0,0,0,0,0,0,0,1,1,0,0,0,0,0,0,0,0,0,0,0,0,0,0,0,0,0,0,2.44360442,-1.286946541,173.0,177.0,1
24,2011_White,2011,1.0,compound.2,24,,,,,CC(C)C[C@@H]1NC(=O)[C@H](CC(C)C)NC(=O)[C@@H](CC(C)C)NC(=O)[C@H](Cc2ccc(O)cc2)NC(=O)[C@H]2CCCN2C(=O)[C@H](CC(C)C)NC1=O,"PEPTIDE24{[dL].L.L.L.[dP].Y}$PEPTIDE24,PEPTIDE24,1:R1-6:R2$$$","PEPTIDE24{<a href=""/monomers/dL/"">[dL]</a>.<a href=""/monomers/L/"">L</a>.<a href=""/monomers/L/"">L</a>.<a href=""/monomers/L/"">L</a>.<a href=""/monomers/dP/"">[dP]</a>.<a href=""/monomers/Y/"">Y</a>}$PEPTIDE24,PEPTIDE24,1:R1-6:R2$$$","['dL', 'L', 'L', 'L', 'dP', 'Y']","[0.8193999999999995, 0.8193999999999995, 0.8193999999999995, 0.8193999999999995, 0.2794999999999998, 0.7215999999999996]","[29.1, 29.1, 29.1, 29.1, 20.31, 49.33]",6,6,Circle,-6.3,,,,-6.3,,,,,,,,,,,,16.3125436,-6.935655976,16.3125436,1.737066725,0.215270438,712.933,652.453,712.4523483,284,0,0.29309207,-0.507966645,0.507966645,0.29309207,0.745098039,1.156862745,1.607843137,4.33e-16,-0.24928777,-2.06e-16,-2.716753673,-1.33e-16,-2.89458429,-2.12e-16,-1.135790365,3.600346506,3800.979834,90.09941163,84.54101961,24.54101961,47.81706099,42.23007366,12.58575739,8.507910908,8.507910908,4.876575574,4.876575574,3.036401246,3.036401246,-4.16,3.88e+33,8.308622705,18.89589014,12.53381155,387.0455828,36.55778469,41.85686664,7.059210392,35.44307838,1.431199657,0.0,28.7672231,0.0,0.0,0.0,66.89997435,79.46166906,73.18316106,13.70758556,114.9562037,35.44307838,1.431199657,31.4489765,23.57583074,135.5329661,6.496859684,29.73312632,0,5.749511833,26.54906677,0.0,5.749511833,0.0,89.48721045,35.14014801,23.57583074,172.6370999,24.16967483,7.059210392,0.0,0,186.04,267.9803495,23.50831307,28.7672231,0,0,0,0,0,0,5.108808191,59.00305902,521.3100972,0.0,94.60777993,-9.276643065,-2.655514009,-52.36769241,-49.04933642,-43.10535189,-49.46333938,0.0,0.684210526,51,6,13,0,2,2,1,0,1,7,6,13,19,0,2,2,3,2.5477,194.0193,0,0,0,0,0,0,0,1,0,0,6,6,0,0,0,1,5,0,0,0,0,0,0,0,0,0,0,6,0,0,0,0,0,0,1,0,1,0,0,0,0,0,0,0,0,0,0,0,0,0,0,0,0,0,0,0,0,0,0,0,0,0,0,0,0,1,1,0,0,0,0,0,0,0,0,0,0,0,0,0,0,0,0,0,0,2.44360442,-1.286946541,171.0,173.0,0
25,2011_White,2011,1.0,compound.3,25,"[32, 980, 999, 1018, 1027, 1030, 1056, 1827, 2328]","['2012_Rand', '2015_Bockus_1', '2015_Hewitt', '2015_Lewis', '2015_Marelli', '2015_Nielsen', '2015_Wang', '2016_Hickey', '2018_Naylor']","[['-5.31', '-5.31'], ['-5.52', '-5.31'], ['-4.75'], ['-4.50', '-4.96'], ['-4.40', '-4.70'], ['-6.00'], ['-6.24', '-4.80'], ['-6.40'], ['-5.52', '-4.88']]","[['Caco2', 'RRCK'], ['PAMPA', 'RRCK'], ['Caco2'], ['PAMPA', 'MDCK'], ['PAMPA', 'Caco2'], ['PAMPA'], ['PAMPA', 'Caco2'], ['PAMPA'], ['PAMPA', 'RRCK']]",CC(C)C[C@@H]1NC(=O)[C@H](Cc2ccc(O)cc2)N(C)C(=O)[C@H]2CCCN2C(=O)[C@H](CC(C)C)NC(=O)[C@H](CC(C)C)N(C)C(=O)[C@@H](CC(C)C)N(C)C1=O,"PEPTIDE25{L.[Me_dL].[meL].L.[dP].[meY]}$PEPTIDE25,PEPTIDE25,1:R1-6:R2$$$","PEPTIDE25{<a href=""/monomers/L/"">L</a>.<a href=""/monomers/Me_dL/"">[Me_dL]</a>.<a href=""/monomers/meL/"">[meL]</a>.<a href=""/monomers/L/"">L</a>.<a href=""/monomers/dP/"">[dP]</a>.<a href=""/monomers/meY/"">[meY]</a>}$PEPTIDE25,PEPTIDE25,1:R1-6:R2$$$","['L', 'Me_dL', 'meL', 'L', 'dP', 'meY']","[0.8193999999999995, 1.1616, 1.1616, 0.8193999999999995, 0.2794999999999998, 1.0637999999999996]","[29.1, 20.31, 20.31, 29.1, 20.31, 40.540000000000006]",6,6,Circle,-5.31,,,,-5.31,,,,,,,,,,,,17.00766616,-7.503943013,17.00766616,1.857455529,0.329549016,755.014,688.486,754.4992985,302,0,0.29309207,-0.507966645,0.507966645,0.29309207,0.759259259,1.259259259,1.814814815,1.69e-16,-0.24928777,-2.73e-16,-2.736564284,-2.23e-16,-2.876464008,-1.04e-16,-1.136362017,3.881438201,4121.809889,97.59941163,92.04101961,26.04101961,51.45103559,46.05925326,13.25657778,9.178731301,9.178731301,5.516621508,5.516621508,3.422571664,3.422571664,-4.16,5.2000000000000006e+38,8.561382025,19.43396197,11.42697649,415.0259768,35.32807382,41.85686664,2.823684157,35.44307838,1.431199657,0.0,28.7672231,0.0,0.0,0.0,66.89997435,79.46166906,106.4474688,13.70758556,123.0575045,35.44307838,1.431199657,30.21926563,23.57583074,135.5329661,27.42434039,29.73312632,0,5.749511833,10.61962671,0.0,5.749511833,0.0,125.1144203,35.14014801,23.57583074,184.9739269,24.16967483,2.823684157,0.0,0,159.67,287.6781193,24.75582106,28.7672231,0,0,0,0,0,0,5.108808191,65.8568518,582.2023772,0.0,89.70782057,-1.813002853,-2.870125422,-55.52934034,-52.22939965,-45.30761639,-70.41071309,0.0,0.707317073,54,3,13,0,2,2,1,0,1,7,3,13,22,0,2,2,3,3.5743,207.9012,0,0,0,0,0,0,0,1,0,0,6,6,0,0,0,4,2,0,0,3,0,0,0,0,0,0,0,6,0,0,0,0,0,0,1,0,1,0,0,0,0,0,0,0,0,0,0,0,0,0,0,0,0,0,0,0,0,0,0,0,0,0,0,0,0,1,1,0,0,0,0,0,0,0,0,0,0,0,0,0,0,0,0,0,0,2.143539337,-1.009728356,110.0,109.0,1
26,2011_White,2011,1.0,compound.4,26,,,,,CC(C)C[C@@H]1NC(=O)[C@H](CC(C)C)N(C)C(=O)[C@@H](CC(C)C)N(C)C(=O)[C@H](Cc2ccc(O)cc2)N(C)C(=O)[C@H]2CCCN2C(=O)[C@H](CC(C)C)N(C)C1=O,"PEPTIDE26{[Me_dL].[meL].L.[meL].[dP].[meY]}$PEPTIDE26,PEPTIDE26,1:R1-6:R2$$$","PEPTIDE26{<a href=""/monomers/Me_dL/"">[Me_dL]</a>.<a href=""/monomers/meL/"">[meL]</a>.<a href=""/monomers/L/"">L</a>.<a href=""/monomers/meL/"">[meL]</a>.<a href=""/monomers/dP/"">[dP]</a>.<a href=""/monomers/meY/"">[meY]</a>}$PEPTIDE26,PEPTIDE26,1:R1-6:R2$$$","['Me_dL', 'meL', 'L', 'meL', 'dP', 'meY']","[1.1616, 1.1616, 0.8193999999999995, 1.1616, 0.2794999999999998, 1.0637999999999996]","[20.31, 20.31, 29.1, 20.31, 20.31, 40.540000000000006]",6,6,Circle,-5.39,,,,-5.39,,,,,,,,,,,,17.18826757,-7.51299382,17.18826757,1.914075191,0.366631993,769.041,700.497,768.5149485,308,0,0.29309207,-0.507966645,0.507966645,0.29309207,0.745454545,1.236363636,1.8,1.38e-16,-0.24928777,-2.58e-16,-2.737372881,-2.44e-16,-2.872818749,-2.2e-16,-1.136302888,3.972890541,4229.526449,100.0994116,94.54101961,26.54101961,52.66236046,47.33564646,13.48018458,9.402338099,9.402338099,5.729970153,5.729970153,3.551295137,3.551295137,-4.16,1.41e+40,8.648487777,19.62111529,11.44329861,424.3527747,34.9181702,41.85686664,1.411842078,35.44307838,1.431199657,0.0,28.7672231,0.0,0.0,0.0,66.89997435,79.46166906,117.5355713,13.70758556,125.7579381,35.44307838,1.431199657,29.80936201,23.57583074,135.5329661,34.40016729,29.73312632,0,5.749511833,5.309813353,0.0,5.749511833,0.0,136.990157,35.14014801,23.57583074,189.0862025,24.16967483,1.411842078,0.0,0,150.88,294.2440426,28.8270132,28.7672231,0,0,0,0,0,0,5.108808191,64.48609324,602.8316642,0.0,87.8448885,0.904942472,-2.975363166,-56.52908705,-53.38263884,-46.07787478,-77.61653131,0.0,0.714285714,55,2,13,0,2,2,1,0,1,7,2,13,23,0,2,2,3,3.9165,212.5285,0,0,0,0,0,0,0,1,0,0,6,6,0,0,0,5,1,0,0,4,0,0,0,0,0,0,0,6,0,0,0,0,0,0,1,0,1,0,0,0,0,0,0,0,0,0,0,0,0,0,0,0,0,0,0,0,0,0,0,0,0,0,0,0,0,1,1,0,0,0,0,0,0,0,0,0,0,0,0,0,0,0,0,0,0,2.05943003,-0.870888753,105.0,104.0,1
27,2011_White,2011,1.0,compound.5,27,,,,,CC(C)C[C@H]1C(=O)N(C)[C@H](CC(C)C)C(=O)N(C)[C@@H](CC(C)C)C(=O)N(C)[C@@H](CC(C)C)C(=O)N2CCC[C@@H]2C(=O)N(C)[C@@H](Cc2ccc(O)cc2)C(=O)N1C,"PEPTIDE27{[meL].[Me_dL].[meL].[meL].[dP].[meY]}$PEPTIDE27,PEPTIDE27,1:R1-6:R2$$$","PEPTIDE27{<a href=""/monomers/meL/"">[meL]</a>.<a href=""/monomers/Me_dL/"">[Me_dL]</a>.<a href=""/monomers/meL/"">[meL]</a>.<a href=""/monomers/meL/"">[meL]</a>.<a href=""/monomers/dP/"">[dP]</a>.<a href=""/monomers/meY/"">[meY]</a>}$PEPTIDE27,PEPTIDE27,1:R1-6:R2$$$","['meL', 'Me_dL', 'meL', 'meL', 'dP', 'meY']","[1.1616, 1.1616, 1.1616, 1.1616, 0.2794999999999998, 1.0637999999999996]","[20.31, 20.31, 20.31, 20.31, 20.31, 40.540000000000006]",6,6,Circle,-5.46,,,,-5.46,,,,,,,,,,,,17.3168197,-7.72861882,17.3168197,1.936471024,0.374214335,783.068,712.508,782.5305986,314,0,0.29309207,-0.507966645,0.507966645,0.29309207,0.642857143,1.017857143,1.392857143,2.95e-16,-0.24928777,-3.07e-16,-2.74533925,-2.28e-16,-2.865312368,-9.69e-17,-1.13654423,4.066452195,4337.615893,102.5994116,97.04101961,27.04101961,53.87368532,48.61203967,13.70379138,9.625944897,9.625944897,5.943318798,5.943318798,3.680018609,3.680018609,-4.16,6.930000000000001e+41,8.736836128,19.8116457,11.02554295,433.6795727,34.50826658,41.85686664,0.0,35.44307838,1.431199657,0.0,28.7672231,0.0,0.0,0.0,66.89997435,79.46166906,128.6236739,13.70758556,128.4583717,35.44307838,1.431199657,29.39945839,23.57583074,135.5329661,41.37599419,29.73312632,0,5.749511833,0.0,0.0,5.749511833,0.0,148.8658936,35.14014801,23.57583074,193.1984782,24.16967483,0.0,0.0,0,142.09,300.8099659,28.78592968,28.7672231,0,0,0,0,0,0,5.108808191,67.22761035,623.7910935,0.0,85.64413867,3.959462102,-3.008493096,-57.63834791,-54.33936259,-46.79362923,-85.36486141,0.0,0.720930233,56,1,13,0,2,2,1,0,1,7,1,13,24,0,2,2,3,4.2587,217.1558,0,0,0,0,0,0,0,1,0,0,6,6,0,0,0,6,0,0,0,5,0,0,0,0,0,0,0,6,0,0,0,0,0,0,1,0,1,0,0,0,0,0,0,0,0,0,0,0,0,0,0,0,0,0,0,0,0,0,0,0,0,0,0,0,0,1,1,0,0,0,0,0,0,0,0,0,0,0,0,0,0,0,0,0,0,1.636964227,-0.65406463,104.0,104.0,1
28,2011_White,2011,1.0,compound.6,28,,,,,CC(C)C[C@H]1C(=O)N(C)[C@@H](CC(C)C)C(=O)N2CCC[C@@H]2C(=O)N(C)[C@@H](Cc2ccc(O)cc2)C(=O)N(C)[C@H](CC(C)C)C(=O)N(C)[C@@H](CC(C)C)C(=O)N1C,"PEPTIDE28{[Me_dL].[meL].[meL].[meL].[dP].[meY]}$PEPTIDE28,PEPTIDE28,1:R1-6:R2$$$","PEPTIDE28{<a href=""/monomers/Me_dL/"">[Me_dL]</a>.<a href=""/monomers/meL/"">[meL]</a>.<a href=""/monomers/meL/"">[meL]</a>.<a href=""/monomers/meL/"">[meL]</a>.<a href=""/monomers/dP/"">[dP]</a>.<a href=""/monomers/meY/"">[meY]</a>}$PEPTIDE28,PEPTIDE28,1:R1-6:R2$$$","['Me_dL', 'meL', 'meL', 'meL', 'dP', 'meY']","[1.1616, 1.1616, 1.1616, 1.1616, 0.2794999999999998, 1.0637999999999996]","[20.31, 20.31, 20.31, 20.31, 20.31, 40.540000000000006]",6,6,Circle,-5.21,,,,-5.21,,,,,,,,,,,,17.3168197,-7.72861882,17.3168197,1.936471024,0.374214335,783.068,712.508,782.5305986,314,0,0.29309207,-0.507966645,0.507966645,0.29309207,0.642857143,1.017857143,1.392857143,2.19e-16,-0.24928777,-2.78e-16,-2.74533925,-2.72e-16,-2.865312368,-1.1e-16,-1.13654423,4.066452195,4337.615893,102.5994116,97.04101961,27.04101961,53.87368532,48.61203967,13.70379138,9.625944897,9.625944897,5.943318798,5.943318798,3.680018609,3.680018609,-4.16,1.21e+42,8.736836128,19.8116457,11.02554295,433.6795727,34.50826658,41.85686664,0.0,35.44307838,1.431199657,0.0,28.7672231,0.0,0.0,0.0,66.89997435,79.46166906,128.6236739,13.70758556,128.4583717,35.44307838,1.431199657,29.39945839,23.57583074,135.5329661,41.37599419,29.73312632,0,5.749511833,0.0,0.0,5.749511833,0.0,148.8658936,35.14014801,23.57583074,193.1984782,24.16967483,0.0,0.0,0,142.09,300.8099659,28.78592968,28.7672231,0,0,0,0,0,0,5.108808191,67.22761035,623.7910935,0.0,85.64413867,3.959462102,-3.008493096,-57.63834791,-54.33936259,-46.79362923,-85.36486141,0.0,0.720930233,56,1,13,0,2,2,1,0,1,7,1,13,24,0,2,2,3,4.2587,217.1558,0,0,0,0,0,0,0,1,0,0,6,6,0,0,0,6,0,0,0,5,0,0,0,0,0,0,0,6,0,0,0,0,0,0,1,0,1,0,0,0,0,0,0,0,0,0,0,0,0,0,0,0,0,0,0,0,0,0,0,0,0,0,0,0,0,1,1,0,0,0,0,0,0,0,0,0,0,0,0,0,0,0,0,0,0,1.636964227,-0.65406463,88.0,88.0,1
29,2011_White,2011,1.0,compound.3L1S,29,,,,,CC(C)C[C@@H]1NC(=O)[C@H](CC(C)C)N(C)C(=O)[C@@H](CC(C)C)N(C)C(=O)[C@H](CO)NC(=O)[C@H](Cc2ccc(O)cc2)N(C)C(=O)[C@H]2CCCN2C1=O,"PEPTIDE29{S.[Me_dL].[meL].L.[dP].[meY]}$PEPTIDE29,PEPTIDE29,1:R1-6:R2$$$","PEPTIDE29{<a href=""/monomers/S/"">S</a>.<a href=""/monomers/Me_dL/"">[Me_dL]</a>.<a href=""/monomers/meL/"">[meL]</a>.<a href=""/monomers/L/"">L</a>.<a href=""/monomers/dP/"">[dP]</a>.<a href=""/monomers/meY/"">[meY]</a>}$PEPTIDE29,PEPTIDE29,1:R1-6:R2$$$","['S', 'Me_dL', 'meL', 'L', 'dP', 'meY']","[-1.2344000000000002, 1.1616, 1.1616, 0.8193999999999995, 0.2794999999999998, 1.0637999999999996]","[49.33, 20.31, 20.31, 29.1, 20.31, 40.540000000000006]",6,6,Circle,-5.72,,,,-5.72,,,,,,,,,,,,16.7105346,-7.23904524,16.7105346,1.763494412,0.2956717,728.932,668.452,728.4472629,290,0,0.29309207,-0.507966645,0.507966645,0.29309207,0.826923077,1.403846154,2.019230769,9.6e-16,-0.249287768,-2.31e-16,-2.730851261,-1.98e-16,-2.880143986,-4.77e-17,-1.136161146,3.729828197,3830.12674,90.80651841,84.9492679,24.9492679,48.26169576,42.4216257,12.71070193,8.780793374,8.780793374,5.369894392,5.369894392,3.289229627,3.289229627,-4.2,3.2e+33,8.683902177,18.52311617,10.44758298,392.3822314,40.43688201,41.85686664,2.823684157,36.87427803,1.431199657,0.0,28.7672231,0.0,0.0,0.0,53.19619012,67.19478647,94.11064176,23.00808792,118.5710028,35.44307838,2.862399314,30.21926563,17.68187306,115.4562569,33.98332563,29.73312632,0,5.749511833,10.61962671,0.0,5.749511833,0.0,138.2134134,35.14014801,17.68187306,155.3019078,24.16967483,2.823684157,0.0,0,179.9,268.2664378,22.01430394,28.7672231,0,0,0,0,0,0,10.21761638,60.43425867,524.6749248,0.0,88.32031767,2.178082643,-2.715569737,-47.6093829,-50.1083985,-37.58924052,-63.65073344,0.0,0.684210526,52,4,14,0,2,2,1,0,1,8,4,14,20,0,2,2,3,1.5205,195.532,0,1,0,0,0,0,0,1,0,0,6,6,0,0,0,4,2,0,0,3,0,0,0,0,0,0,0,6,0,0,0,0,0,0,1,0,1,0,0,0,0,0,0,0,0,0,0,0,0,0,0,0,0,0,0,0,0,0,0,0,0,0,0,0,0,1,1,0,0,0,0,0,0,0,0,0,0,0,0,0,0,0,0,0,0,2.466683078,-0.328400882,136.0,134.0,1
30,2011_White,2011,1.0,compound.3L3S,30,[33],['2012_Rand'],"[['-5.48', '-5.81']]","[['Caco2', 'RRCK']]",CC(C)C[C@@H]1NC(=O)[C@H](Cc2ccc(O)cc2)N(C)C(=O)[C@H]2CCCN2C(=O)[C@H](CC(C)C)NC(=O)[C@H](CO)N(C)C(=O)[C@@H](CC(C)C)N(C)C1=O,"PEPTIDE30{L.[Me_dL].[meS].L.[dP].[meY]}$PEPTIDE30,PEPTIDE30,1:R1-6:R2$$$","PEPTIDE30{<a href=""/monomers/L/"">L</a>.<a href=""/monomers/Me_dL/"">[Me_dL]</a>.<a href=""/monomers/meS/"">[meS]</a>.<a href=""/monomers/L/"">L</a>.<a href=""/monomers/dP/"">[dP]</a>.<a href=""/monomers/meY/"">[meY]</a>}$PEPTIDE30,PEPTIDE30,1:R1-6:R2$$$","['L', 'Me_dL', 'meS', 'L', 'dP', 'meY']","[0.8193999999999995, 1.1616, -0.8922000000000003, 0.8193999999999995, 0.2794999999999998, 1.0637999999999996]","[29.1, 20.31, 40.540000000000006, 29.1, 20.31, 40.540000000000006]",6,6,Circle,-5.8,,,,-5.8,,,,,,,,,,,,16.67111493,-7.214880513,16.67111493,1.812411351,0.2956717,728.932,668.452,728.4472629,290,0,0.29309207,-0.507966645,0.507966645,0.29309207,0.826923077,1.384615385,1.961538462,7.88e-16,-0.249287767,-2.02e-16,-2.724290328,-1.39e-16,-2.879655106,-2.64e-17,-1.135773915,3.736857411,3830.12674,90.80651841,84.9492679,24.9492679,48.26169576,42.4216257,12.71070193,8.780793374,8.780793374,5.369894392,5.369894392,3.28410055,3.28410055,-4.2,6.659999999999999e+33,8.683902177,18.52311617,10.44758298,392.3822314,40.43688201,41.85686664,2.823684157,36.87427803,1.431199657,0.0,28.7672231,0.0,0.0,0.0,53.19619012,67.19478647,94.11064176,23.00808792,118.5710028,35.44307838,2.862399314,30.21926563,17.68187306,115.4562569,33.98332563,29.73312632,0,5.749511833,10.61962671,0.0,5.749511833,0.0,138.2134134,35.14014801,17.68187306,155.3019078,24.16967483,2.823684157,0.0,0,179.9,268.2664378,22.01430394,28.7672231,0,0,0,0,0,0,10.21761638,60.43425867,524.5507247,0.0,88.37140626,2.093825509,-2.807183717,-47.46948432,-50.37374892,-37.4644677,-63.40107179,0.0,0.684210526,52,4,14,0,2,2,1,0,1,8,4,14,20,0,2,2,3,1.5205,195.532,0,1,0,0,0,0,0,1,0,0,6,6,0,0,0,4,2,0,0,3,0,0,0,0,0,0,0,6,0,0,0,0,0,0,1,0,1,0,0,0,0,0,0,0,0,0,0,0,0,0,0,0,0,0,0,0,0,0,0,0,0,0,0,0,0,1,1,0,0,0,0,0,0,0,0,0,0,0,0,0,0,0,0,0,0,2.471176594,-0.334491507,149.0,150.0,1
